id,document_id,court,esas_no,karar_no,karar_tarihi,year,chars,text
yargitay:619667500,619667500,9. Hukuk Dairesi,2009/15462,2010/2654,2010-02-08,2010,62,"9. Hukuk Dairesi 2009/15462 E. , 2010/2654 K.

""İçtihat Metni"""
yargitay:441601400,441601400,9. Hukuk Dairesi,2007/16471,2007/21473,2007-07-02,2007,63,"9. Hukuk Dairesi 2007/16471 E. , 2007/21473 K.

""İçtihat Metni"""
yargitay:1025174900,1025174900,5. Hukuk Dairesi,2009/15536,2010/228,2010-01-11,2010,64,"5. Hukuk Dairesi 2009/15536 E. , 2010/228 K.

""İçtihat Metni""..."
yargitay:1023750100,1023750100,5. Hukuk Dairesi,2009/17461,2010/633,2010-01-18,2010,65,"5. Hukuk Dairesi 2009/17461 E. , 2010/633 K.

""İçtihat Metni""...."
yargitay:1026131000,1026131000,5. Hukuk Dairesi,2009/18842,2010/1241,2010-01-25,2010,67,"5. Hukuk Dairesi 2009/18842 E. , 2010/1241 K.

""İçtihat Metni""
...."
yargitay:890264000,890264000,20. Hukuk Dairesi,2009/267,2009/252,2009-01-16,2009,71,"(Kapatılan)20. Hukuk Dairesi 2009/267 E. , 2009/252 K.

""İçtihat Metni"""
yargitay:830618700,830618700,13. Hukuk Dairesi,2009/753,2009/522,2009-01-23,2009,72,"(Kapatılan) 13. Hukuk Dairesi 2009/753 E. , 2009/522 K.

""İçtihat Metni"""
yargitay:829251000,829251000,13. Hukuk Dairesi,2008/9292,2009/244,2009-01-20,2009,73,"(Kapatılan) 13. Hukuk Dairesi 2008/9292 E. , 2009/244 K.

""İçtihat Metni"""
yargitay:840408500,840408500,13. Hukuk Dairesi,2006/871,2006/5032,2006-04-04,2006,73,"(Kapatılan) 13. Hukuk Dairesi 2006/871 E. , 2006/5032 K.

""İçtihat Metni"""
yargitay:840441800,840441800,13. Hukuk Dairesi,2006/150,2006/5372,2006-04-11,2006,73,"(Kapatılan) 13. Hukuk Dairesi 2006/150 E. , 2006/5372 K.

""İçtihat Metni"""
yargitay:841526100,841526100,13. Hukuk Dairesi,2006/317,2006/6031,2006-04-17,2006,73,"(Kapatılan) 13. Hukuk Dairesi 2006/317 E. , 2006/6031 K.

""İçtihat Metni"""
yargitay:871660100,871660100,17. Hukuk Dairesi,2006/2268,2006/3604,2006-04-24,2006,73,"(Kapatılan)17. Hukuk Dairesi 2006/2268 E. , 2006/3604 K.

""İçtihat Metni"""
yargitay:831256300,831256300,13. Hukuk Dairesi,2009/4824,2009/5283,2009-04-16,2009,74,"(Kapatılan) 13. Hukuk Dairesi 2009/4824 E. , 2009/5283 K.

""İçtihat Metni"""
yargitay:840405800,840405800,13. Hukuk Dairesi,2006/1062,2006/5010,2006-04-04,2006,74,"(Kapatılan) 13. Hukuk Dairesi 2006/1062 E. , 2006/5010 K.

""İçtihat Metni"""
yargitay:840405900,840405900,13. Hukuk Dairesi,2006/1342,2006/5013,2006-04-04,2006,74,"(Kapatılan) 13. Hukuk Dairesi 2006/1342 E. , 2006/5013 K.

""İçtihat Metni"""
yargitay:840407800,840407800,13. Hukuk Dairesi,2006/1369,2006/5026,2006-04-04,2006,74,"(Kapatılan) 13. Hukuk Dairesi 2006/1369 E. , 2006/5026 K.

""İçtihat Metni"""
yargitay:840488200,840488200,13. Hukuk Dairesi,2006/3137,2006/6186,2006-04-19,2006,74,"(Kapatılan) 13. Hukuk Dairesi 2006/3137 E. , 2006/6186 K.

""İçtihat Metni"""
yargitay:840488600,840488600,13. Hukuk Dairesi,2006/1331,2006/6196,2006-04-19,2006,74,"(Kapatılan) 13. Hukuk Dairesi 2006/1331 E. , 2006/6196 K.

""İçtihat Metni"""
yargitay:840513700,840513700,13. Hukuk Dairesi,2006/1436,2006/6374,2006-04-24,2006,74,"(Kapatılan) 13. Hukuk Dairesi 2006/1436 E. , 2006/6374 K.

""İçtihat Metni"""
yargitay:840535200,840535200,13. Hukuk Dairesi,2006/2462,2006/5569,2006-04-13,2006,74,"(Kapatılan) 13. Hukuk Dairesi 2006/2462 E. , 2006/5569 K.

""İçtihat Metni"""
yargitay:842315800,842315800,13. Hukuk Dairesi,2006/2473,2006/5520,2006-04-12,2006,74,"(Kapatılan) 13. Hukuk Dairesi 2006/2473 E. , 2006/5520 K.

""İçtihat Metni"""
yargitay:875401700,875401700,18. Hukuk Dairesi,2008/8146,2008/9155,2008-09-15,2008,74,"(Kapatılan) 18. Hukuk Dairesi 2008/8146 E. , 2008/9155 K.

""İçtihat Metni"""
yargitay:875856100,875856100,18. Hukuk Dairesi,2008/9608,2008/9817,2008-10-06,2008,74,"(Kapatılan) 18. Hukuk Dairesi 2008/9608 E. , 2008/9817 K.

""İçtihat Metni"""
yargitay:831256600,831256600,13. Hukuk Dairesi,2008/14934,2009/5311,2009-04-16,2009,75,"(Kapatılan) 13. Hukuk Dairesi 2008/14934 E. , 2009/5311 K.

""İçtihat Metni"""
yargitay:843862400,843862400,13. Hukuk Dairesi,2008/14432,2008/13480,2008-11-12,2008,76,"(Kapatılan) 13. Hukuk Dairesi 2008/14432 E. , 2008/13480 K.

""İçtihat Metni"""
yargitay:872507100,872507100,17. Hukuk Dairesi,2006/1411,2006/7008,2006-09-21,2006,76,"(Kapatılan)17. Hukuk Dairesi 2006/1411 E. , 2006/7008 K.

""İçtihat Metni""..."
yargitay:890528900,890528900,19. Hukuk Dairesi,2006/4574,2006/6535,2006-06-15,2006,76,"(Kapatılan)19. Hukuk Dairesi 2006/4574 E. , 2006/6535 K.

""İçtihat Metni""..."
yargitay:866384200,866384200,16. Hukuk Dairesi,2005/13663,2006/5532,2006-07-14,2006,77,"(Kapatılan)16. Hukuk Dairesi 2005/13663 E. , 2006/5532 K.

""İçtihat Metni""..."
yargitay:868940300,868940300,17. Hukuk Dairesi,2009/3741,2009/5287,2009-07-10,2009,77,"(Kapatılan)17. Hukuk Dairesi 2009/3741 E. , 2009/5287 K.

""İçtihat Metni""
..."
yargitay:876213100,876213100,18. Hukuk Dairesi,2008/6666,2008/9136,2008-09-15,2008,77,"(Kapatılan) 18. Hukuk Dairesi 2008/6666 E. , 2008/9136 K.

""İçtihat Metni""..."
yargitay:889773700,889773700,19. Hukuk Dairesi,2006/1411,2006/7400,2006-07-06,2006,77,"(Kapatılan)19. Hukuk Dairesi 2006/1411 E. , 2006/7400 K.

""İçtihat Metni""
..."
yargitay:16193500,16193500,1. Hukuk Dairesi,2006/113,2006/115,2006-09-02,2006,78,"1. Hukuk Dairesi 2006/113 E., 2006/115 K.

""İçtihat Metni""

deneme karar metni"
yargitay:865047500,865047500,16. Hukuk Dairesi,2007/3227,2007/3182,2007-09-24,2007,78,"(Kapatılan)16. Hukuk Dairesi 2007/3227 E. , 2007/3182 K.

""İçtihat Metni""....."
yargitay:900232900,900232900,20. Hukuk Dairesi,2007/14642,2007/13344,2007-10-30,2007,78,"(Kapatılan)20. Hukuk Dairesi 2007/14642 E. , 2007/13344 K.

""İçtihat Metni""..."
yargitay:891066200,891066200,20. Hukuk Dairesi,2009/14066,2009/13569,2009-09-29,2009,79,"(Kapatılan)20. Hukuk Dairesi 2009/14066 E. , 2009/13569 K.

""İçtihat Metni""
..."
yargitay:905040200,905040200,20. Hukuk Dairesi,2007/11193,2007/13364,2007-10-30,2007,81,"(Kapatılan)20. Hukuk Dairesi 2007/11193 E. , 2007/13364 K.

""İçtihat Metni""

...."
yargitay:770006300,770006300,13. Hukuk Dairesi,2009/14786,2010/790,2010-01-29,2010,85,"(Kapatılan) 13. Hukuk Dairesi 2009/14786 E. , 2010/790 K.

""İçtihat Metni""MAHKEMESİ :"
yargitay:628961400,628961400,9. Hukuk Dairesi,2010/1474,2010/5063,2010-03-01,2010,89,"9. Hukuk Dairesi 2010/1474 E. , 2010/5063 K.

""İçtihat Metni""MAHKEMESİ : ilgiliCezaMahAdi"
yargitay:1009828900,1009828900,11. Hukuk Dairesi,2010/2425,2010/3018,2010-03-18,2010,90,"11. Hukuk Dairesi 2010/2425 E. , 2010/3018 K.

""İçtihat Metni""MAHKEMESİ : ilgiliCezaMahAdi"
yargitay:1015212800,1015212800,11. Hukuk Dairesi,2010/3578,2010/3412,2010-03-29,2010,90,"11. Hukuk Dairesi 2010/3578 E. , 2010/3412 K.

""İçtihat Metni""MAHKEMESİ : ilgiliCezaMahAdi"
yargitay:643933900,643933900,9. Hukuk Dairesi,2009/48854,2010/9353,2010-04-05,2010,90,"9. Hukuk Dairesi 2009/48854 E. , 2010/9353 K.

""İçtihat Metni""MAHKEMESİ : ilgiliCezaMahAdi"
yargitay:1009619500,1009619500,11. Hukuk Dairesi,2008/11540,2010/2252,2010-03-01,2010,91,"11. Hukuk Dairesi 2008/11540 E. , 2010/2252 K.

""İçtihat Metni""MAHKEMESİ : ilgiliCezaMahAdi"
yargitay:770186600,770186600,13. Hukuk Dairesi,2010/47,2010/349,2010-01-20,2010,94,"(Kapatılan) 13. Hukuk Dairesi 2010/47 E. , 2010/349 K.

""İçtihat Metni""MAHKEMESİ :
DAVA TÜRÜ :"
yargitay:770189100,770189100,13. Hukuk Dairesi,2009/16010,2010/268,2010-01-20,2010,97,"(Kapatılan) 13. Hukuk Dairesi 2009/16010 E. , 2010/268 K.

""İçtihat Metni""MAHKEMESİ :
DAVA TÜRÜ :"
yargitay:801663000,801663000,18. Hukuk Dairesi,2009/6884,2010/97,2010-01-18,2010,100,"(Kapatılan) 18. Hukuk Dairesi 2009/6884 E. , 2010/97 K.

""İçtihat Metni""MAHKEMESİ : ilgiliCezaMahAdi"
yargitay:887017900,887017900,19. Hukuk Dairesi,2008/2682,2008/10304,2008-10-30,2008,102,"(Kapatılan)19. Hukuk Dairesi 2008/2682 E. , 2008/10304 K.

""İçtihat Metni""MAHKEMESİ : ilgiliCezaMahAdi"
yargitay:852912700,852912700,14. Hukuk Dairesi,2006/2426,2006/3097,2006-03-17,2006,103,"(Kapatılan)14. Hukuk Dairesi 2006/2426 E. , 2006/3097 K.

""İçtihat Metni""MAHKEMESİ:Sulh Hukuk Mahkemesi"
yargitay:890167200,890167200,19. Hukuk Dairesi,2006/10830,2006/11434,2006-12-01,2006,103,"(Kapatılan)19. Hukuk Dairesi 2006/10830 E. , 2006/11434 K.

""İçtihat Metni""MAHKEMESİ : ilgiliCezaMahAdi"
yargitay:860004900,860004900,16. Hukuk Dairesi,2008/10400,2009/411,2009-01-22,2009,104,"(Kapatılan)16. Hukuk Dairesi 2008/10400 E. , 2009/411 K.

""İçtihat Metni""

MAHKEMESİ :KADASTRO MAHKEMESİ"
yargitay:801976200,801976200,18. Hukuk Dairesi,2009/14195,2010/1970,2010-02-15,2010,105,"(Kapatılan) 18. Hukuk Dairesi 2009/14195 E. , 2010/1970 K.

""İçtihat Metni""

MAHKEMESİ : ilgiliCezaMahAdi"
yargitay:880873700,880873700,18. Hukuk Dairesi,2008/7567,2008/11136,2008-10-30,2008,105,"(Kapatılan) 18. Hukuk Dairesi 2008/7567 E. , 2008/11136 K.

""İçtihat Metni""MAHKEMESİ:Sulh Hukuk Mahkemesi"
yargitay:902556800,902556800,21. Hukuk Dairesi,2006/2817,2006/4349,2006-04-27,2006,105,"(Kapatılan)21. Hukuk Dairesi 2006/2817 E. , 2006/4349 K.

""İçtihat Metni""MAHKEMESİ : ilgiliCezaMahAdi
..."
yargitay:856615100,856615100,14. Hukuk Dairesi,2006/3279,2006/4506,2006-04-18,2006,106,"(Kapatılan)14. Hukuk Dairesi 2006/3279 E. , 2006/4506 K.

""İçtihat Metni""

MAHKEMESİ :Sulh Hukuk Mahkemesi"
yargitay:850557900,850557900,13. Hukuk Dairesi,2008/8423,2008/14738,2008-12-15,2008,108,"(Kapatılan) 13. Hukuk Dairesi 2008/8423 E. , 2008/14738 K.

""İçtihat Metni""MAHKEMESİ :Asliye Hukuk Mahkemesi"
yargitay:852053800,852053800,14. Hukuk Dairesi,2006/10249,2006/11262,2006-10-17,2006,108,"(Kapatılan)14. Hukuk Dairesi 2006/10249 E. , 2006/11262 K.

""İçtihat Metni""

MAHKEMESİ :Sulh Hukuk Mahkemesi"
yargitay:856615200,856615200,14. Hukuk Dairesi,2006/3460,2006/4507,2006-04-18,2006,108,"(Kapatılan)14. Hukuk Dairesi 2006/3460 E. , 2006/4507 K.

""İçtihat Metni""

MAHKEMESİ :Asliye Hukuk Mahkemesi"
yargitay:933052600,933052600,2. Ceza Dairesi,2009/46795,2010/10519,2010-04-05,2010,108,"2. Ceza Dairesi 2009/46795 E. , 2010/10519 K.

""İçtihat Metni""MAHKEMESİ :Asliye Ceza Mahkemesi
SUÇ :
HÜKÜM :"
yargitay:933737200,933737200,2. Ceza Dairesi,2009/51681,2010/13087,2010-04-20,2010,108,"2. Ceza Dairesi 2009/51681 E. , 2010/13087 K.

""İçtihat Metni""MAHKEMESİ :Asliye Ceza Mahkemesi
SUÇ :
HÜKÜM :"
yargitay:385753300,385753300,12. Hukuk Dairesi,2008/514,2008/326,2008-01-16,2008,109,"12. Hukuk Dairesi 2008/514 E. , 2008/326 K.

""İçtihat Metni""MAHKEMESİ : ilgiliCezaMahAdi
DAVA TÜRÜ : davaTuru"
yargitay:505202300,505202300,2. Hukuk Dairesi,2009/1187,2009/733,2009-01-26,2009,109,"2. Hukuk Dairesi 2009/1187 E. , 2009/733 K.

""İçtihat Metni""MAHKEMESİ : ilgiliCezaMahAdi
DAVA TÜRÜ : davaTuru"
yargitay:505369700,505369700,2. Hukuk Dairesi,2009/1060,2009/717,2009-01-26,2009,109,"2. Hukuk Dairesi 2009/1060 E. , 2009/717 K.

""İçtihat Metni""MAHKEMESİ : ilgiliCezaMahAdi
DAVA TÜRÜ : davaTuru"
yargitay:540210900,540210900,2. Hukuk Dairesi,2009/679,2010/2955,2010-02-18,2010,109,"2. Hukuk Dairesi 2009/679 E. , 2010/2955 K.

""İçtihat Metni""MAHKEMESİ : ilgiliCezaMahAdi
DAVA TÜRÜ : davaTuru"
yargitay:773220400,773220400,13. Hukuk Dairesi,2010/3135,2010/5097,2010-04-14,2010,109,"(Kapatılan) 13. Hukuk Dairesi 2010/3135 E. , 2010/5097 K.

""İçtihat Metni""MAHKEMESİ :Asliye Hukuk Mahkemesi
."
yargitay:852053300,852053300,14. Hukuk Dairesi,2006/9557,2006/11029,2006-10-16,2006,109,"(Kapatılan)14. Hukuk Dairesi 2006/9557 E. , 2006/11029 K.

""İçtihat Metni""

MAHKEMESİ :Asliye Hukuk Mahkemesi"
yargitay:385780000,385780000,12. Hukuk Dairesi,2008/653,2008/2346,2008-02-14,2008,110,"12. Hukuk Dairesi 2008/653 E. , 2008/2346 K.

""İçtihat Metni""MAHKEMESİ : ilgiliCezaMahAdi
DAVA TÜRÜ : davaTuru"
yargitay:386403000,386403000,12. Hukuk Dairesi,2009/271,2009/8197,2009-04-16,2009,110,"12. Hukuk Dairesi 2009/271 E. , 2009/8197 K.

""İçtihat Metni""MAHKEMESİ : ilgiliCezaMahAdi
DAVA TÜRÜ : davaTuru"
yargitay:484783500,484783500,2. Hukuk Dairesi,2008/8782,2008/7865,2008-06-02,2008,110,"2. Hukuk Dairesi 2008/8782 E. , 2008/7865 K.

""İçtihat Metni""MAHKEMESİ : ilgiliCezaMahAdi
DAVA TÜRÜ : davaTuru"
yargitay:504598600,504598600,2. Hukuk Dairesi,2009/10097,2010/431,2010-01-13,2010,110,"2. Hukuk Dairesi 2009/10097 E. , 2010/431 K.

""İçtihat Metni""MAHKEMESİ : ilgiliCezaMahAdi
DAVA TÜRÜ : davaTuru"
yargitay:517233700,517233700,2. Hukuk Dairesi,2008/2907,2009/8093,2009-04-27,2009,110,"2. Hukuk Dairesi 2008/2907 E. , 2009/8093 K.

""İçtihat Metni""MAHKEMESİ : ilgiliCezaMahAdi
DAVA TÜRÜ : davaTuru"
yargitay:518111300,518111300,2. Hukuk Dairesi,2009/8609,2009/9772,2009-05-25,2009,110,"2. Hukuk Dairesi 2009/8609 E. , 2009/9772 K.

""İçtihat Metni""MAHKEMESİ : ilgiliCezaMahAdi
DAVA TÜRÜ : davaTuru"
yargitay:518409700,518409700,2. Hukuk Dairesi,2008/6469,2009/8588,2009-05-04,2009,110,"2. Hukuk Dairesi 2008/6469 E. , 2009/8588 K.

""İçtihat Metni""MAHKEMESİ : ilgiliCezaMahAdi
DAVA TÜRÜ : davaTuru"
yargitay:597288300,597288300,2. Hukuk Dairesi,2008/4632,2009/3548,2009-03-02,2009,110,"2. Hukuk Dairesi 2008/4632 E. , 2009/3548 K.

""İçtihat Metni""MAHKEMESİ : ilgiliCezaMahAdi
DAVA TÜRÜ : davaTuru"
yargitay:385840700,385840700,12. Hukuk Dairesi,2008/2684,2008/5198,2008-03-17,2008,111,"12. Hukuk Dairesi 2008/2684 E. , 2008/5198 K.

""İçtihat Metni""MAHKEMESİ : ilgiliCezaMahAdi
DAVA TÜRÜ : davaTuru"
yargitay:385897600,385897600,12. Hukuk Dairesi,2008/3222,2008/6008,2008-03-25,2008,111,"12. Hukuk Dairesi 2008/3222 E. , 2008/6008 K.

""İçtihat Metni""MAHKEMESİ : ilgiliCezaMahAdi
DAVA TÜRÜ : davaTuru"
yargitay:385971800,385971800,12. Hukuk Dairesi,2008/5162,2008/5937,2008-03-25,2008,111,"12. Hukuk Dairesi 2008/5162 E. , 2008/5937 K.

""İçtihat Metni""MAHKEMESİ : ilgiliCezaMahAdi
DAVA TÜRÜ : davaTuru"
yargitay:386062600,386062600,12. Hukuk Dairesi,2008/5452,2008/5749,2008-03-24,2008,111,"12. Hukuk Dairesi 2008/5452 E. , 2008/5749 K.

""İçtihat Metni""MAHKEMESİ : ilgiliCezaMahAdi
DAVA TÜRÜ : davaTuru"
yargitay:386065300,386065300,12. Hukuk Dairesi,2008/3541,2008/7970,2008-04-17,2008,111,"12. Hukuk Dairesi 2008/3541 E. , 2008/7970 K.

""İçtihat Metni""MAHKEMESİ : ilgiliCezaMahAdi
DAVA TÜRÜ : davaTuru"
yargitay:386066400,386066400,12. Hukuk Dairesi,2008/6854,2008/9874,2008-05-09,2008,111,"12. Hukuk Dairesi 2008/6854 E. , 2008/9874 K.

""İçtihat Metni""MAHKEMESİ : ilgiliCezaMahAdi
DAVA TÜRÜ : davaTuru"
yargitay:428142500,428142500,2. Hukuk Dairesi,2006/17519,2007/5986,2007-04-10,2007,111,"2. Hukuk Dairesi 2006/17519 E. , 2007/5986 K.

""İçtihat Metni""MAHKEMESİ : ilgiliCezaMahAdi
DAVA TÜRÜ : davaTuru"
yargitay:485746800,485746800,2. Hukuk Dairesi,2008/10323,2008/9662,2008-06-30,2008,111,"2. Hukuk Dairesi 2008/10323 E. , 2008/9662 K.

""İçtihat Metni""MAHKEMESİ : ilgiliCezaMahAdi
DAVA TÜRÜ : davaTuru"
yargitay:485962900,485962900,2. Hukuk Dairesi,2008/10633,2008/9081,2008-06-23,2008,111,"2. Hukuk Dairesi 2008/10633 E. , 2008/9081 K.

""İçtihat Metni""MAHKEMESİ : ilgiliCezaMahAdi
DAVA TÜRÜ : davaTuru"
yargitay:488891900,488891900,2. Hukuk Dairesi,2008/3146,2008/11331,2008-09-09,2008,111,"2. Hukuk Dairesi 2008/3146 E. , 2008/11331 K.

""İçtihat Metni""MAHKEMESİ : ilgiliCezaMahAdi
DAVA TÜRÜ : davaTuru"
yargitay:488972200,488972200,2. Hukuk Dairesi,2008/9006,2008/11346,2008-09-09,2008,111,"2. Hukuk Dairesi 2008/9006 E. , 2008/11346 K.

""İçtihat Metni""MAHKEMESİ : ilgiliCezaMahAdi
DAVA TÜRÜ : davaTuru"
yargitay:501703600,501703600,2. Hukuk Dairesi,2008/1537,2008/16851,2008-12-15,2008,111,"2. Hukuk Dairesi 2008/1537 E. , 2008/16851 K.

""İçtihat Metni""MAHKEMESİ : ilgiliCezaMahAdi
DAVA TÜRÜ : davaTuru"
yargitay:517576400,517576400,2. Hukuk Dairesi,2008/17747,2009/9310,2009-05-11,2009,111,"2. Hukuk Dairesi 2008/17747 E. , 2009/9310 K.

""İçtihat Metni""MAHKEMESİ : ilgiliCezaMahAdi
DAVA TÜRÜ : davaTuru"
yargitay:518654200,518654200,2. Hukuk Dairesi,2008/8831,2009/11136,2009-06-09,2009,111,"2. Hukuk Dairesi 2008/8831 E. , 2009/11136 K.

""İçtihat Metni""MAHKEMESİ : ilgiliCezaMahAdi
DAVA TÜRÜ : davaTuru"
yargitay:520831400,520831400,2. Hukuk Dairesi,2009/9642,2009/11025,2009-06-08,2009,111,"2. Hukuk Dairesi 2009/9642 E. , 2009/11025 K.

""İçtihat Metni""MAHKEMESİ : ilgiliCezaMahAdi
DAVA TÜRÜ : davaTuru"
yargitay:521118800,521118800,2. Hukuk Dairesi,2009/8916,2009/10349,2009-06-01,2009,111,"2. Hukuk Dairesi 2009/8916 E. , 2009/10349 K.

""İçtihat Metni""MAHKEMESİ : ilgiliCezaMahAdi
DAVA TÜRÜ : davaTuru"
yargitay:521513100,521513100,2. Hukuk Dairesi,2009/9769,2009/11923,2009-06-18,2009,111,"2. Hukuk Dairesi 2009/9769 E. , 2009/11923 K.

""İçtihat Metni""MAHKEMESİ : ilgiliCezaMahAdi
DAVA TÜRÜ : davaTuru"
yargitay:524396600,524396600,2. Hukuk Dairesi,2009/9164,2009/10358,2009-06-01,2009,111,"2. Hukuk Dairesi 2009/9164 E. , 2009/10358 K.

""İçtihat Metni""MAHKEMESİ : ilgiliCezaMahAdi
DAVA TÜRÜ : davaTuru"
yargitay:625932800,625932800,14. Hukuk Dairesi,2010/1785,2010/1850,2010-02-22,2010,111,"14. Hukuk Dairesi 2010/1785 E. , 2010/1850 K.

""İçtihat Metni""MAHKEMESİ : ilgiliCezaMahAdi
DAVA TÜRÜ : davaTuru"
yargitay:1101274200,1101274200,11. Ceza Dairesi,2006/9072,2009/4900,2009-04-28,2009,112,"11. Ceza Dairesi 2006/9072 E. , 2009/4900 K.

""İçtihat Metni""MAHKEMESİ : mahkemeAdi
SUÇ : sanikSuc
HÜKÜM : hukum"
yargitay:487110600,487110600,2. Hukuk Dairesi,2008/11596,2008/10180,2008-07-07,2008,112,"2. Hukuk Dairesi 2008/11596 E. , 2008/10180 K.

""İçtihat Metni""MAHKEMESİ : ilgiliCezaMahAdi
DAVA TÜRÜ : davaTuru"
yargitay:489214300,489214300,2. Hukuk Dairesi,2008/13208,2008/11344,2008-09-09,2008,112,"2. Hukuk Dairesi 2008/13208 E. , 2008/11344 K.

""İçtihat Metni""MAHKEMESİ : ilgiliCezaMahAdi
DAVA TÜRÜ : davaTuru"
yargitay:489648700,489648700,2. Hukuk Dairesi,2008/10942,2008/11891,2008-09-15,2008,112,"2. Hukuk Dairesi 2008/10942 E. , 2008/11891 K.

""İçtihat Metni""MAHKEMESİ : ilgiliCezaMahAdi
DAVA TÜRÜ : davaTuru"
yargitay:493008100,493008100,2. Hukuk Dairesi,2008/13647,2008/13426,2008-10-15,2008,112,"2. Hukuk Dairesi 2008/13647 E. , 2008/13426 K.

""İçtihat Metni""MAHKEMESİ : ilgiliCezaMahAdi
DAVA TÜRÜ : davaTuru"
yargitay:494186800,494186800,2. Hukuk Dairesi,2008/16950,2008/13750,2008-10-20,2008,112,"2. Hukuk Dairesi 2008/16950 E. , 2008/13750 K.

""İçtihat Metni""MAHKEMESİ : ilgiliCezaMahAdi
DAVA TÜRÜ : davaTuru"
yargitay:494297100,494297100,2. Hukuk Dairesi,2007/14213,2008/14030,2008-10-23,2008,112,"2. Hukuk Dairesi 2007/14213 E. , 2008/14030 K.

""İçtihat Metni""MAHKEMESİ : ilgiliCezaMahAdi
DAVA TÜRÜ : davaTuru"
yargitay:496097700,496097700,2. Hukuk Dairesi,2007/15353,2008/15497,2008-11-20,2008,112,"2. Hukuk Dairesi 2007/15353 E. , 2008/15497 K.

""İçtihat Metni""MAHKEMESİ : ilgiliCezaMahAdi
DAVA TÜRÜ : davaTuru"
yargitay:496780400,496780400,2. Hukuk Dairesi,2007/16179,2008/15717,2008-11-24,2008,112,"2. Hukuk Dairesi 2007/16179 E. , 2008/15717 K.

""İçtihat Metni""MAHKEMESİ : ilgiliCezaMahAdi
DAVA TÜRÜ : davaTuru"
yargitay:498945700,498945700,2. Hukuk Dairesi,2008/19317,2008/16342,2008-12-01,2008,112,"2. Hukuk Dairesi 2008/19317 E. , 2008/16342 K.

""İçtihat Metni""MAHKEMESİ : ilgiliCezaMahAdi
DAVA TÜRÜ : davaTuru"
yargitay:502777100,502777100,2. Hukuk Dairesi,2008/19880,2008/17412,2008-12-22,2008,112,"2. Hukuk Dairesi 2008/19880 E. , 2008/17412 K.

""İçtihat Metni""MAHKEMESİ : ilgiliCezaMahAdi
DAVA TÜRÜ : davaTuru"
yargitay:523071200,523071200,2. Hukuk Dairesi,2009/11421,2009/13183,2009-07-06,2009,112,"2. Hukuk Dairesi 2009/11421 E. , 2009/13183 K.

""İçtihat Metni""MAHKEMESİ : ilgiliCezaMahAdi
DAVA TÜRÜ : davaTuru"
yargitay:529093200,529093200,2. Hukuk Dairesi,2008/14878,2009/17429,2009-10-14,2009,112,"2. Hukuk Dairesi 2008/14878 E. , 2009/17429 K.

""İçtihat Metni""MAHKEMESİ : ilgiliCezaMahAdi
DAVA TÜRÜ : davaTuru"
yargitay:529308900,529308900,2. Hukuk Dairesi,2009/16788,2009/17190,2009-10-12,2009,112,"2. Hukuk Dairesi 2009/16788 E. , 2009/17190 K.

""İçtihat Metni""MAHKEMESİ : ilgiliCezaMahAdi
DAVA TÜRÜ : davaTuru"
yargitay:529422500,529422500,2. Hukuk Dairesi,2009/16669,2009/17216,2009-10-12,2009,112,"2. Hukuk Dairesi 2009/16669 E. , 2009/17216 K.

""İçtihat Metni""MAHKEMESİ : ilgiliCezaMahAdi
DAVA TÜRÜ : davaTuru"
yargitay:531464400,531464400,2. Hukuk Dairesi,2008/11494,2009/17834,2009-10-20,2009,112,"2. Hukuk Dairesi 2008/11494 E. , 2009/17834 K.

""İçtihat Metni""MAHKEMESİ : ilgiliCezaMahAdi
DAVA TÜRÜ : davaTuru"
yargitay:531484300,531484300,2. Hukuk Dairesi,2009/17823,2009/18226,2009-10-26,2009,112,"2. Hukuk Dairesi 2009/17823 E. , 2009/18226 K.

""İçtihat Metni""MAHKEMESİ : ilgiliCezaMahAdi
DAVA TÜRÜ : davaTuru"
yargitay:533957300,533957300,2. Hukuk Dairesi,2009/19384,2009/19710,2009-11-16,2009,112,"2. Hukuk Dairesi 2009/19384 E. , 2009/19710 K.

""İçtihat Metni""MAHKEMESİ : ilgiliCezaMahAdi
DAVA TÜRÜ : davaTuru"
yargitay:542462800,542462800,2. Hukuk Dairesi,2009/21370,2009/22050,2009-12-21,2009,112,"2. Hukuk Dairesi 2009/21370 E. , 2009/22050 K.

""İçtihat Metni""MAHKEMESİ : ilgiliCezaMahAdi
DAVA TÜRÜ : davaTuru"
yargitay:619836800,619836800,2. Hukuk Dairesi,2009/12230,2009/14345,2009-07-20,2009,112,"2. Hukuk Dairesi 2009/12230 E. , 2009/14345 K.

""İçtihat Metni""MAHKEMESİ : ilgiliCezaMahAdi
DAVA TÜRÜ : davaTuru"
yargitay:781784900,781784900,12. Hukuk Dairesi,2009/6357,2009/14569,2009-07-02,2009,112,"12. Hukuk Dairesi 2009/6357 E. , 2009/14569 K.

""İçtihat Metni""MAHKEMESİ : ilgiliCezaMahAdi
DAVA TÜRÜ : davaTuru"
yargitay:931919700,931919700,2. Ceza Dairesi,2009/46003,2010/3398,2010-02-10,2010,112,"2. Ceza Dairesi 2009/46003 E. , 2010/3398 K.

""İçtihat Metni""MAHKEMESİ : mahkemeAdi
SUÇ : sanikSuc
HÜKÜM : hukum"
yargitay:932106600,932106600,2. Ceza Dairesi,2009/8298,2010/10495,2010-04-05,2010,112,"2. Ceza Dairesi 2009/8298 E. , 2010/10495 K.

""İçtihat Metni""MAHKEMESİ : mahkemeAdi
SUÇ : sanikSuc
HÜKÜM : hukum"
yargitay:933396300,933396300,2. Ceza Dairesi,2009/15385,2010/2480,2010-02-03,2010,112,"2. Ceza Dairesi 2009/15385 E. , 2010/2480 K.

""İçtihat Metni""MAHKEMESİ : mahkemeAdi
SUÇ : sanikSuc
HÜKÜM : hukum"
yargitay:386071400,386071400,12. Hukuk Dairesi,2008/12617,2008/13193,2008-06-19,2008,113,"12. Hukuk Dairesi 2008/12617 E. , 2008/13193 K.

""İçtihat Metni""MAHKEMESİ : ilgiliCezaMahAdi
DAVA TÜRÜ : davaTuru"
yargitay:386071600,386071600,12. Hukuk Dairesi,2008/13086,2008/13301,2008-06-24,2008,113,"12. Hukuk Dairesi 2008/13086 E. , 2008/13301 K.

""İçtihat Metni""MAHKEMESİ : ilgiliCezaMahAdi
DAVA TÜRÜ : davaTuru"
yargitay:386071800,386071800,12. Hukuk Dairesi,2008/10336,2008/13736,2008-06-24,2008,113,"12. Hukuk Dairesi 2008/10336 E. , 2008/13736 K.

""İçtihat Metni""MAHKEMESİ : ilgiliCezaMahAdi
DAVA TÜRÜ : davaTuru"
yargitay:386199800,386199800,12. Hukuk Dairesi,2008/13165,2008/16245,2008-09-23,2008,113,"12. Hukuk Dairesi 2008/13165 E. , 2008/16245 K.

""İçtihat Metni""MAHKEMESİ : ilgiliCezaMahAdi
DAVA TÜRÜ : davaTuru"
yargitay:386270200,386270200,12. Hukuk Dairesi,2008/16383,2008/20022,2008-11-13,2008,113,"12. Hukuk Dairesi 2008/16383 E. , 2008/20022 K.

""İçtihat Metni""MAHKEMESİ : ilgiliCezaMahAdi
DAVA TÜRÜ : davaTuru"
yargitay:782201700,782201700,12. Hukuk Dairesi,2009/11615,2009/19436,2009-10-19,2009,113,"12. Hukuk Dairesi 2009/11615 E. , 2009/19436 K.

""İçtihat Metni""MAHKEMESİ : ilgiliCezaMahAdi
DAVA TÜRÜ : davaTuru"
yargitay:782509500,782509500,12. Hukuk Dairesi,2009/18247,2009/26771,2009-12-29,2009,113,"12. Hukuk Dairesi 2009/18247 E. , 2009/26771 K.

""İçtihat Metni""MAHKEMESİ : ilgiliCezaMahAdi
DAVA TÜRÜ : davaTuru"
yargitay:932208900,932208900,2. Ceza Dairesi,2009/11584,2010/13710,2010-04-26,2010,113,"2. Ceza Dairesi 2009/11584 E. , 2010/13710 K.

""İçtihat Metni""MAHKEMESİ : mahkemeAdi
SUÇ : sanikSuc
HÜKÜM : hukum"
yargitay:933740500,933740500,2. Ceza Dairesi,2009/50948,2010/13099,2010-04-21,2010,113,"2. Ceza Dairesi 2009/50948 E. , 2010/13099 K.

""İçtihat Metni""MAHKEMESİ : mahkemeAdi
SUÇ : sanikSuc
HÜKÜM : hukum"
yargitay:895761800,895761800,20. Hukuk Dairesi,2009/3247,2009/3481,2009-03-03,2009,116,"(Kapatılan)20. Hukuk Dairesi 2009/3247 E. , 2009/3481 K.

""İçtihat Metni""MAHKEMESİ : ilgiliCezaMahAdi

- K A R A R -"
yargitay:772946100,772946100,13. Hukuk Dairesi,2010/5,2010/340,2010-01-20,2010,119,"(Kapatılan) 13. Hukuk Dairesi 2010/5 E. , 2010/340 K.

""İçtihat Metni""MAHKEMESİ : ilgiliCezaMahAdi
DAVA TÜRÜ : davaTuru"
yargitay:772960100,772960100,13. Hukuk Dairesi,2010/2,2010/339,2010-01-20,2010,119,"(Kapatılan) 13. Hukuk Dairesi 2010/2 E. , 2010/339 K.

""İçtihat Metni""MAHKEMESİ : ilgiliCezaMahAdi
DAVA TÜRÜ : davaTuru"
yargitay:770194000,770194000,13. Hukuk Dairesi,2010/90,2010/362,2010-01-20,2010,120,"(Kapatılan) 13. Hukuk Dairesi 2010/90 E. , 2010/362 K.

""İçtihat Metni""MAHKEMESİ : ilgiliCezaMahAdi
DAVA TÜRÜ : davaTuru"
yargitay:770199400,770199400,13. Hukuk Dairesi,2010/22,2010/344,2010-01-20,2010,120,"(Kapatılan) 13. Hukuk Dairesi 2010/22 E. , 2010/344 K.

""İçtihat Metni""MAHKEMESİ : ilgiliCezaMahAdi
DAVA TÜRÜ : davaTuru"
yargitay:770200500,770200500,13. Hukuk Dairesi,2010/46,2010/348,2010-01-20,2010,120,"(Kapatılan) 13. Hukuk Dairesi 2010/46 E. , 2010/348 K.

""İçtihat Metni""MAHKEMESİ : ilgiliCezaMahAdi
DAVA TÜRÜ : davaTuru"
yargitay:770200600,770200600,13. Hukuk Dairesi,2010/94,2010/365,2010-01-20,2010,120,"(Kapatılan) 13. Hukuk Dairesi 2010/94 E. , 2010/365 K.

""İçtihat Metni""MAHKEMESİ : ilgiliCezaMahAdi
DAVA TÜRÜ : davaTuru"
yargitay:770201400,770201400,13. Hukuk Dairesi,2010/74,2010/357,2010-01-20,2010,120,"(Kapatılan) 13. Hukuk Dairesi 2010/74 E. , 2010/357 K.

""İçtihat Metni""MAHKEMESİ : ilgiliCezaMahAdi
DAVA TÜRÜ : davaTuru"
yargitay:772945900,772945900,13. Hukuk Dairesi,2010/83,2010/360,2010-01-20,2010,120,"(Kapatılan) 13. Hukuk Dairesi 2010/83 E. , 2010/360 K.

""İçtihat Metni""MAHKEMESİ : ilgiliCezaMahAdi
DAVA TÜRÜ : davaTuru"
yargitay:772946700,772946700,13. Hukuk Dairesi,2010/72,2010/356,2010-01-20,2010,120,"(Kapatılan) 13. Hukuk Dairesi 2010/72 E. , 2010/356 K.

""İçtihat Metni""MAHKEMESİ : ilgiliCezaMahAdi
DAVA TÜRÜ : davaTuru"
yargitay:772947500,772947500,13. Hukuk Dairesi,2010/12,2010/341,2010-01-20,2010,120,"(Kapatılan) 13. Hukuk Dairesi 2010/12 E. , 2010/341 K.

""İçtihat Metni""MAHKEMESİ : ilgiliCezaMahAdi
DAVA TÜRÜ : davaTuru"
yargitay:772948300,772948300,13. Hukuk Dairesi,2010/96,2010/366,2010-01-20,2010,120,"(Kapatılan) 13. Hukuk Dairesi 2010/96 E. , 2010/366 K.

""İçtihat Metni""MAHKEMESİ : ilgiliCezaMahAdi
DAVA TÜRÜ : davaTuru"
yargitay:772949400,772949400,13. Hukuk Dairesi,2010/56,2010/352,2010-01-20,2010,120,"(Kapatılan) 13. Hukuk Dairesi 2010/56 E. , 2010/352 K.

""İçtihat Metni""MAHKEMESİ : ilgiliCezaMahAdi
DAVA TÜRÜ : davaTuru"
yargitay:772951800,772951800,13. Hukuk Dairesi,2010/25,2010/346,2010-01-20,2010,120,"(Kapatılan) 13. Hukuk Dairesi 2010/25 E. , 2010/346 K.

""İçtihat Metni""MAHKEMESİ : ilgiliCezaMahAdi
DAVA TÜRÜ : davaTuru"
yargitay:772953200,772953200,13. Hukuk Dairesi,2010/24,2010/345,2010-01-20,2010,120,"(Kapatılan) 13. Hukuk Dairesi 2010/24 E. , 2010/345 K.

""İçtihat Metni""MAHKEMESİ : ilgiliCezaMahAdi
DAVA TÜRÜ : davaTuru"
yargitay:772959100,772959100,13. Hukuk Dairesi,2010/75,2010/358,2010-01-20,2010,120,"(Kapatılan) 13. Hukuk Dairesi 2010/75 E. , 2010/358 K.

""İçtihat Metni""MAHKEMESİ : ilgiliCezaMahAdi
DAVA TÜRÜ : davaTuru"
yargitay:772960700,772960700,13. Hukuk Dairesi,2010/52,2010/350,2010-01-20,2010,120,"(Kapatılan) 13. Hukuk Dairesi 2010/52 E. , 2010/350 K.

""İçtihat Metni""MAHKEMESİ : ilgiliCezaMahAdi
DAVA TÜRÜ : davaTuru"
yargitay:772963800,772963800,13. Hukuk Dairesi,2010/53,2010/351,2010-01-20,2010,120,"(Kapatılan) 13. Hukuk Dairesi 2010/53 E. , 2010/351 K.

""İçtihat Metni""MAHKEMESİ : ilgiliCezaMahAdi
DAVA TÜRÜ : davaTuru"
yargitay:772966000,772966000,13. Hukuk Dairesi,2010/13,2010/342,2010-01-20,2010,120,"(Kapatılan) 13. Hukuk Dairesi 2010/13 E. , 2010/342 K.

""İçtihat Metni""MAHKEMESİ : ilgiliCezaMahAdi
DAVA TÜRÜ : davaTuru"
yargitay:772968300,772968300,13. Hukuk Dairesi,2010/59,2010/353,2010-01-20,2010,120,"(Kapatılan) 13. Hukuk Dairesi 2010/59 E. , 2010/353 K.

""İçtihat Metni""MAHKEMESİ : ilgiliCezaMahAdi
DAVA TÜRÜ : davaTuru"
yargitay:772971400,772971400,13. Hukuk Dairesi,2010/98,2010/367,2010-01-20,2010,120,"(Kapatılan) 13. Hukuk Dairesi 2010/98 E. , 2010/367 K.

""İçtihat Metni""MAHKEMESİ : ilgiliCezaMahAdi
DAVA TÜRÜ : davaTuru"
yargitay:772971600,772971600,13. Hukuk Dairesi,2010/91,2010/363,2010-01-20,2010,120,"(Kapatılan) 13. Hukuk Dairesi 2010/91 E. , 2010/363 K.

""İçtihat Metni""MAHKEMESİ : ilgiliCezaMahAdi
DAVA TÜRÜ : davaTuru"
yargitay:772971900,772971900,13. Hukuk Dairesi,2010/64,2010/354,2010-01-20,2010,120,"(Kapatılan) 13. Hukuk Dairesi 2010/64 E. , 2010/354 K.

""İçtihat Metni""MAHKEMESİ : ilgiliCezaMahAdi
DAVA TÜRÜ : davaTuru"
yargitay:772977200,772977200,13. Hukuk Dairesi,2010/17,2010/343,2010-01-20,2010,120,"(Kapatılan) 13. Hukuk Dairesi 2010/17 E. , 2010/343 K.

""İçtihat Metni""MAHKEMESİ : ilgiliCezaMahAdi
DAVA TÜRÜ : davaTuru"
yargitay:772980700,772980700,13. Hukuk Dairesi,2010/92,2010/364,2010-01-20,2010,120,"(Kapatılan) 13. Hukuk Dairesi 2010/92 E. , 2010/364 K.

""İçtihat Metni""MAHKEMESİ : ilgiliCezaMahAdi
DAVA TÜRÜ : davaTuru"
yargitay:772981000,772981000,13. Hukuk Dairesi,2010/86,2010/361,2010-01-20,2010,120,"(Kapatılan) 13. Hukuk Dairesi 2010/86 E. , 2010/361 K.

""İçtihat Metni""MAHKEMESİ : ilgiliCezaMahAdi
DAVA TÜRÜ : davaTuru"
yargitay:772982100,772982100,13. Hukuk Dairesi,2010/76,2010/359,2010-01-20,2010,120,"(Kapatılan) 13. Hukuk Dairesi 2010/76 E. , 2010/359 K.

""İçtihat Metni""MAHKEMESİ : ilgiliCezaMahAdi
DAVA TÜRÜ : davaTuru"
yargitay:823345400,823345400,21. Hukuk Dairesi,2009/834,2010/429,2010-01-21,2010,120,"(Kapatılan)21. Hukuk Dairesi 2009/834 E. , 2010/429 K.

""İçtihat Metni""MAHKEMESİ : ilgiliCezaMahAdi
DAVA TÜRÜ : davaTuru"
yargitay:770194900,770194900,13. Hukuk Dairesi,2010/254,2010/399,2010-01-20,2010,121,"(Kapatılan) 13. Hukuk Dairesi 2010/254 E. , 2010/399 K.

""İçtihat Metni""MAHKEMESİ : ilgiliCezaMahAdi
DAVA TÜRÜ : davaTuru"
yargitay:770196900,770196900,13. Hukuk Dairesi,2010/444,2010/417,2010-01-20,2010,121,"(Kapatılan) 13. Hukuk Dairesi 2010/444 E. , 2010/417 K.

""İçtihat Metni""MAHKEMESİ : ilgiliCezaMahAdi
DAVA TÜRÜ : davaTuru"
yargitay:770197900,770197900,13. Hukuk Dairesi,2010/345,2010/414,2010-01-20,2010,121,"(Kapatılan) 13. Hukuk Dairesi 2010/345 E. , 2010/414 K.

""İçtihat Metni""MAHKEMESİ : ilgiliCezaMahAdi
DAVA TÜRÜ : davaTuru"
yargitay:770198700,770198700,13. Hukuk Dairesi,2010/357,2010/415,2010-01-20,2010,121,"(Kapatılan) 13. Hukuk Dairesi 2010/357 E. , 2010/415 K.

""İçtihat Metni""MAHKEMESİ : ilgiliCezaMahAdi
DAVA TÜRÜ : davaTuru"
yargitay:770198900,770198900,13. Hukuk Dairesi,2010/238,2010/394,2010-01-20,2010,121,"(Kapatılan) 13. Hukuk Dairesi 2010/238 E. , 2010/394 K.

""İçtihat Metni""MAHKEMESİ : ilgiliCezaMahAdi
DAVA TÜRÜ : davaTuru"
yargitay:770199600,770199600,13. Hukuk Dairesi,2010/446,2010/418,2010-01-20,2010,121,"(Kapatılan) 13. Hukuk Dairesi 2010/446 E. , 2010/418 K.

""İçtihat Metni""MAHKEMESİ : ilgiliCezaMahAdi
DAVA TÜRÜ : davaTuru"
yargitay:770201200,770201200,13. Hukuk Dairesi,2010/109,2010/370,2010-01-20,2010,121,"(Kapatılan) 13. Hukuk Dairesi 2010/109 E. , 2010/370 K.

""İçtihat Metni""MAHKEMESİ : ilgiliCezaMahAdi
DAVA TÜRÜ : davaTuru"
yargitay:772944000,772944000,13. Hukuk Dairesi,2010/128,2010/376,2010-01-20,2010,121,"(Kapatılan) 13. Hukuk Dairesi 2010/128 E. , 2010/376 K.

""İçtihat Metni""MAHKEMESİ : ilgiliCezaMahAdi
DAVA TÜRÜ : davaTuru"
yargitay:772945300,772945300,13. Hukuk Dairesi,2010/255,2010/400,2010-01-20,2010,121,"(Kapatılan) 13. Hukuk Dairesi 2010/255 E. , 2010/400 K.

""İçtihat Metni""MAHKEMESİ : ilgiliCezaMahAdi
DAVA TÜRÜ : davaTuru"
yargitay:772945500,772945500,13. Hukuk Dairesi,2010/201,2010/387,2010-01-20,2010,121,"(Kapatılan) 13. Hukuk Dairesi 2010/201 E. , 2010/387 K.

""İçtihat Metni""MAHKEMESİ : ilgiliCezaMahAdi
DAVA TÜRÜ : davaTuru"
yargitay:772946300,772946300,13. Hukuk Dairesi,2010/231,2010/393,2010-01-20,2010,121,"(Kapatılan) 13. Hukuk Dairesi 2010/231 E. , 2010/393 K.

""İçtihat Metni""MAHKEMESİ : ilgiliCezaMahAdi
DAVA TÜRÜ : davaTuru"
yargitay:772946500,772946500,13. Hukuk Dairesi,2010/129,2010/377,2010-01-20,2010,121,"(Kapatılan) 13. Hukuk Dairesi 2010/129 E. , 2010/377 K.

""İçtihat Metni""MAHKEMESİ : ilgiliCezaMahAdi
DAVA TÜRÜ : davaTuru"
yargitay:772947100,772947100,13. Hukuk Dairesi,2010/303,2010/410,2010-01-20,2010,121,"(Kapatılan) 13. Hukuk Dairesi 2010/303 E. , 2010/410 K.

""İçtihat Metni""MAHKEMESİ : ilgiliCezaMahAdi
DAVA TÜRÜ : davaTuru"
yargitay:772947300,772947300,13. Hukuk Dairesi,2010/329,2010/411,2010-01-20,2010,121,"(Kapatılan) 13. Hukuk Dairesi 2010/329 E. , 2010/411 K.

""İçtihat Metni""MAHKEMESİ : ilgiliCezaMahAdi
DAVA TÜRÜ : davaTuru"
yargitay:772947900,772947900,13. Hukuk Dairesi,2010/246,2010/397,2010-01-20,2010,121,"(Kapatılan) 13. Hukuk Dairesi 2010/246 E. , 2010/397 K.

""İçtihat Metni""MAHKEMESİ : ilgiliCezaMahAdi
DAVA TÜRÜ : davaTuru"
yargitay:772948000,772948000,13. Hukuk Dairesi,2010/200,2010/386,2010-01-20,2010,121,"(Kapatılan) 13. Hukuk Dairesi 2010/200 E. , 2010/386 K.

""İçtihat Metni""MAHKEMESİ : ilgiliCezaMahAdi
DAVA TÜRÜ : davaTuru"
yargitay:772949000,772949000,13. Hukuk Dairesi,2010/290,2010/407,2010-01-20,2010,121,"(Kapatılan) 13. Hukuk Dairesi 2010/290 E. , 2010/407 K.

""İçtihat Metni""MAHKEMESİ : ilgiliCezaMahAdi
DAVA TÜRÜ : davaTuru"
yargitay:772949600,772949600,13. Hukuk Dairesi,2010/183,2010/385,2010-01-20,2010,121,"(Kapatılan) 13. Hukuk Dairesi 2010/183 E. , 2010/385 K.

""İçtihat Metni""MAHKEMESİ : ilgiliCezaMahAdi
DAVA TÜRÜ : davaTuru"
yargitay:772950300,772950300,13. Hukuk Dairesi,2010/245,2010/396,2010-01-20,2010,121,"(Kapatılan) 13. Hukuk Dairesi 2010/245 E. , 2010/396 K.

""İçtihat Metni""MAHKEMESİ : ilgiliCezaMahAdi
DAVA TÜRÜ : davaTuru"
yargitay:772950600,772950600,13. Hukuk Dairesi,2010/105,2010/368,2010-01-20,2010,121,"(Kapatılan) 13. Hukuk Dairesi 2010/105 E. , 2010/368 K.

""İçtihat Metni""MAHKEMESİ : ilgiliCezaMahAdi
DAVA TÜRÜ : davaTuru"
yargitay:772950900,772950900,13. Hukuk Dairesi,2010/377,2010/416,2010-01-20,2010,121,"(Kapatılan) 13. Hukuk Dairesi 2010/377 E. , 2010/416 K.

""İçtihat Metni""MAHKEMESİ : ilgiliCezaMahAdi
DAVA TÜRÜ : davaTuru"
yargitay:772953400,772953400,13. Hukuk Dairesi,2010/122,2010/375,2010-01-20,2010,121,"(Kapatılan) 13. Hukuk Dairesi 2010/122 E. , 2010/375 K.

""İçtihat Metni""MAHKEMESİ : ilgiliCezaMahAdi
DAVA TÜRÜ : davaTuru"
yargitay:772954400,772954400,13. Hukuk Dairesi,2010/107,2010/369,2010-01-20,2010,121,"(Kapatılan) 13. Hukuk Dairesi 2010/107 E. , 2010/369 K.

""İçtihat Metni""MAHKEMESİ : ilgiliCezaMahAdi
DAVA TÜRÜ : davaTuru"
yargitay:772956700,772956700,13. Hukuk Dairesi,2010/263,2010/401,2010-01-20,2010,121,"(Kapatılan) 13. Hukuk Dairesi 2010/263 E. , 2010/401 K.

""İçtihat Metni""MAHKEMESİ : ilgiliCezaMahAdi
DAVA TÜRÜ : davaTuru"
yargitay:772957000,772957000,13. Hukuk Dairesi,2010/331,2010/412,2010-01-20,2010,121,"(Kapatılan) 13. Hukuk Dairesi 2010/331 E. , 2010/412 K.

""İçtihat Metni""MAHKEMESİ : ilgiliCezaMahAdi
DAVA TÜRÜ : davaTuru"
yargitay:772957800,772957800,13. Hukuk Dairesi,2010/117,2010/373,2010-01-20,2010,121,"(Kapatılan) 13. Hukuk Dairesi 2010/117 E. , 2010/373 K.

""İçtihat Metni""MAHKEMESİ : ilgiliCezaMahAdi
DAVA TÜRÜ : davaTuru"
yargitay:772958100,772958100,13. Hukuk Dairesi,2010/266,2010/402,2010-01-20,2010,121,"(Kapatılan) 13. Hukuk Dairesi 2010/266 E. , 2010/402 K.

""İçtihat Metni""MAHKEMESİ : ilgiliCezaMahAdi
DAVA TÜRÜ : davaTuru"
yargitay:772958700,772958700,13. Hukuk Dairesi,2010/279,2010/405,2010-01-20,2010,121,"(Kapatılan) 13. Hukuk Dairesi 2010/279 E. , 2010/405 K.

""İçtihat Metni""MAHKEMESİ : ilgiliCezaMahAdi
DAVA TÜRÜ : davaTuru"
yargitay:772959400,772959400,13. Hukuk Dairesi,2010/336,2010/413,2010-01-20,2010,121,"(Kapatılan) 13. Hukuk Dairesi 2010/336 E. , 2010/413 K.

""İçtihat Metni""MAHKEMESİ : ilgiliCezaMahAdi
DAVA TÜRÜ : davaTuru"
yargitay:772959700,772959700,13. Hukuk Dairesi,2010/210,2010/389,2010-01-20,2010,121,"(Kapatılan) 13. Hukuk Dairesi 2010/210 E. , 2010/389 K.

""İçtihat Metni""MAHKEMESİ : ilgiliCezaMahAdi
DAVA TÜRÜ : davaTuru"
yargitay:772961000,772961000,13. Hukuk Dairesi,2010/165,2010/379,2010-01-20,2010,121,"(Kapatılan) 13. Hukuk Dairesi 2010/165 E. , 2010/379 K.

""İçtihat Metni""MAHKEMESİ : ilgiliCezaMahAdi
DAVA TÜRÜ : davaTuru"
yargitay:772962300,772962300,13. Hukuk Dairesi,2010/27,2010/347,2010-01-20,2010,121,"(Kapatılan) 13. Hukuk Dairesi 2010/27 E. , 2010/347 K.

""İçtihat Metni"" MAHKEMESİ : ilgiliCezaMahAdi
DAVA TÜRÜ : davaTuru"
yargitay:772965300,772965300,13. Hukuk Dairesi,2010/182,2010/384,2010-01-20,2010,121,"(Kapatılan) 13. Hukuk Dairesi 2010/182 E. , 2010/384 K.

""İçtihat Metni""MAHKEMESİ : ilgiliCezaMahAdi
DAVA TÜRÜ : davaTuru"
yargitay:772966300,772966300,13. Hukuk Dairesi,2010/287,2010/406,2010-01-20,2010,121,"(Kapatılan) 13. Hukuk Dairesi 2010/287 E. , 2010/406 K.

""İçtihat Metni""MAHKEMESİ : ilgiliCezaMahAdi
DAVA TÜRÜ : davaTuru"
yargitay:772966400,772966400,13. Hukuk Dairesi,2010/271,2010/404,2010-01-20,2010,121,"(Kapatılan) 13. Hukuk Dairesi 2010/271 E. , 2010/404 K.

""İçtihat Metni""MAHKEMESİ : ilgiliCezaMahAdi
DAVA TÜRÜ : davaTuru"
yargitay:772967400,772967400,13. Hukuk Dairesi,2010/291,2010/408,2010-01-20,2010,121,"(Kapatılan) 13. Hukuk Dairesi 2010/291 E. , 2010/408 K.

""İçtihat Metni""MAHKEMESİ : ilgiliCezaMahAdi
DAVA TÜRÜ : davaTuru"
yargitay:772967600,772967600,13. Hukuk Dairesi,2010/293,2010/409,2010-01-20,2010,121,"(Kapatılan) 13. Hukuk Dairesi 2010/293 E. , 2010/409 K.

""İçtihat Metni""MAHKEMESİ : ilgiliCezaMahAdi
DAVA TÜRÜ : davaTuru"
yargitay:772969000,772969000,13. Hukuk Dairesi,2010/226,2010/391,2010-01-20,2010,121,"(Kapatılan) 13. Hukuk Dairesi 2010/226 E. , 2010/391 K.

""İçtihat Metni""MAHKEMESİ : ilgiliCezaMahAdi
DAVA TÜRÜ : davaTuru"
yargitay:772969600,772969600,13. Hukuk Dairesi,2010/118,2010/374,2010-01-20,2010,121,"(Kapatılan) 13. Hukuk Dairesi 2010/118 E. , 2010/374 K.

""İçtihat Metni""MAHKEMESİ : ilgiliCezaMahAdi
DAVA TÜRÜ : davaTuru"
yargitay:772972700,772972700,13. Hukuk Dairesi,2010/172,2010/380,2010-01-20,2010,121,"(Kapatılan) 13. Hukuk Dairesi 2010/172 E. , 2010/380 K.

""İçtihat Metni""MAHKEMESİ : ilgiliCezaMahAdi
DAVA TÜRÜ : davaTuru"
yargitay:772973000,772973000,13. Hukuk Dairesi,2010/160,2010/378,2010-01-20,2010,121,"(Kapatılan) 13. Hukuk Dairesi 2010/160 E. , 2010/378 K.

""İçtihat Metni""MAHKEMESİ : ilgiliCezaMahAdi
DAVA TÜRÜ : davaTuru"
yargitay:772973700,772973700,13. Hukuk Dairesi,2010/181,2010/383,2010-01-20,2010,121,"(Kapatılan) 13. Hukuk Dairesi 2010/181 E. , 2010/383 K.

""İçtihat Metni""MAHKEMESİ : ilgiliCezaMahAdi
DAVA TÜRÜ : davaTuru"
yargitay:772973900,772973900,13. Hukuk Dairesi,2010/180,2010/382,2010-01-20,2010,121,"(Kapatılan) 13. Hukuk Dairesi 2010/180 E. , 2010/382 K.

""İçtihat Metni""MAHKEMESİ : ilgiliCezaMahAdi
DAVA TÜRÜ : davaTuru"
yargitay:772974500,772974500,13. Hukuk Dairesi,2010/247,2010/398,2010-01-20,2010,121,"(Kapatılan) 13. Hukuk Dairesi 2010/247 E. , 2010/398 K.

""İçtihat Metni""MAHKEMESİ : ilgiliCezaMahAdi
DAVA TÜRÜ : davaTuru"
yargitay:772975100,772975100,13. Hukuk Dairesi,2010/68,2010/355,2010-01-20,2010,121,"(Kapatılan) 13. Hukuk Dairesi 2010/68 E. , 2010/355 K.

""İçtihat Metni"" MAHKEMESİ : ilgiliCezaMahAdi
DAVA TÜRÜ : davaTuru"
yargitay:772978000,772978000,13. Hukuk Dairesi,2010/206,2010/388,2010-01-20,2010,121,"(Kapatılan) 13. Hukuk Dairesi 2010/206 E. , 2010/388 K.

""İçtihat Metni""MAHKEMESİ : ilgiliCezaMahAdi
DAVA TÜRÜ : davaTuru"
yargitay:772978400,772978400,13. Hukuk Dairesi,2010/179,2010/381,2010-01-20,2010,121,"(Kapatılan) 13. Hukuk Dairesi 2010/179 E. , 2010/381 K.

""İçtihat Metni""MAHKEMESİ : ilgiliCezaMahAdi
DAVA TÜRÜ : davaTuru"
yargitay:772978800,772978800,13. Hukuk Dairesi,2010/214,2010/390,2010-01-20,2010,121,"(Kapatılan) 13. Hukuk Dairesi 2010/214 E. , 2010/390 K.

""İçtihat Metni""MAHKEMESİ : ilgiliCezaMahAdi
DAVA TÜRÜ : davaTuru"
