year,court,decisions,median_chars,lt_300
1997,12. Hukuk Dairesi,1,1401,0
1997,18. Hukuk Dairesi,1,3577,0
1997,2. Hukuk Dairesi,1,1736,0
1997,21. Hukuk Dairesi,1,2123,0
1997,9. Ceza Dairesi,1,1583,0
1997,Ceza Genel Kurulu,1,6293,0
1997,Hukuk Genel Kurulu,1,5051,0
1998,10. Ceza Dairesi,1,2310,0
1998,Hukuk Genel Kurulu,2,6772,0
1999,1. Ceza Dairesi,1,2416,0
1999,1. Hukuk Dairesi,1,3914,0
1999,10. Ceza Dairesi,1,1897,0
1999,10. Hukuk Dairesi,1,2393,0
1999,11. Ceza Dairesi,1,1813,0
1999,11. Hukuk Dairesi,1,9961,0
1999,12. Hukuk Dairesi,1,2030,0
1999,13. Hukuk Dairesi,1,2116,0
1999,14. Hukuk Dairesi,2,3652,0
1999,15. Hukuk Dairesi,1,2454,0
1999,16. Hukuk Dairesi,1,2902,0
1999,17. Hukuk Dairesi,1,2749,0
1999,18. Hukuk Dairesi,1,6886,0
1999,19. Hukuk Dairesi,1,2536,0
1999,2. Ceza Dairesi,1,3965,0
1999,2. Hukuk Dairesi,2,1946,0
1999,20. Hukuk Dairesi,1,2028,0
1999,21. Hukuk Dairesi,1,2501,0
1999,3. Ceza Dairesi,1,1806,0
1999,3. Hukuk Dairesi,2,2518,0
1999,4. Ceza Dairesi,1,1750,0
1999,4. Hukuk Dairesi,1,7466,0
1999,5. Ceza Dairesi,1,2260,0
1999,5. Hukuk Dairesi,1,1571,0
1999,6. Ceza Dairesi,1,2025,0
1999,7. Hukuk Dairesi,1,4797,0
1999,8. Ceza Dairesi,1,2215,0
1999,8. Hukuk Dairesi,1,4727,0
1999,9. Hukuk Dairesi,1,2012,0
1999,Ceza Genel Kurulu,2,7098,0
2000,1. Hukuk Dairesi,1,2375,0
2000,10. Hukuk Dairesi,1,2350,0
2000,11. Ceza Dairesi,1,1728,0
2000,11. Hukuk Dairesi,2,5642,0
2000,12. Hukuk Dairesi,1,2841,0
2000,13. Hukuk Dairesi,1,6867,0
2000,14. Hukuk Dairesi,1,2729,0
2000,15. Hukuk Dairesi,1,4627,0
2000,16. Hukuk Dairesi,1,3654,0
2000,18. Hukuk Dairesi,1,1852,0
2000,19. Hukuk Dairesi,1,3080,0
2000,2. Ceza Dairesi,1,1860,0
2000,2. Hukuk Dairesi,1,2446,0
2000,20. Hukuk Dairesi,1,3060,0
2000,21. Hukuk Dairesi,1,2506,0
2000,3. Ceza Dairesi,1,1843,0
2000,3. Hukuk Dairesi,1,3991,0
2000,4. Ceza Dairesi,1,2127,0
2000,4. Hukuk Dairesi,1,4214,0
2000,5. Hukuk Dairesi,1,2070,0
2000,6. Ceza Dairesi,1,2153,0
2000,6. Hukuk Dairesi,1,3497,0
2000,7. Ceza Dairesi,1,1435,0
2000,7. Hukuk Dairesi,1,2560,0
2000,8. Ceza Dairesi,1,1144,0
2000,8. Hukuk Dairesi,1,4450,0
2000,9. Ceza Dairesi,2,2324,0
2000,9. Hukuk Dairesi,2,2015,0
2000,Ceza Genel Kurulu,1,5386,0
2000,Hukuk Genel Kurulu,71,3449,0
2001,1. Ceza Dairesi,2,2100,0
2001,1. Hukuk Dairesi,1,3600,0
2001,10. Ceza Dairesi,1,1351,0
2001,10. Hukuk Dairesi,1,3012,0
2001,11. Ceza Dairesi,1,2290,0
2001,11. Hukuk Dairesi,4,6410,0
2001,12. Hukuk Dairesi,1,2649,0
2001,13. Hukuk Dairesi,1,2907,0
2001,15. Hukuk Dairesi,1,1983,0
2001,16. Hukuk Dairesi,1,3376,0
2001,17. Hukuk Dairesi,1,3488,0
2001,18. Hukuk Dairesi,4,1786,0
2001,19. Hukuk Dairesi,4,2169,0
2001,2. Ceza Dairesi,1,3413,0
2001,2. Hukuk Dairesi,1,2742,0
2001,20. Hukuk Dairesi,1,17133,0
2001,21. Hukuk Dairesi,1,3012,0
2001,3. Hukuk Dairesi,2,7450,0
2001,4. Ceza Dairesi,11,1525,0
2001,4. Hukuk Dairesi,1,4773,0
2001,5. Hukuk Dairesi,1,2032,0
2001,6. Ceza Dairesi,1,1313,0
2001,6. Hukuk Dairesi,1,2855,0
2001,7. Ceza Dairesi,1,1978,0
2001,7. Hukuk Dairesi,1,3043,0
2001,8. Ceza Dairesi,5,1458,0
2001,9. Ceza Dairesi,1,2078,0
2001,9. Hukuk Dairesi,1,3194,0
2001,Ceza Genel Kurulu,1,14150,0
2001,Hukuk Genel Kurulu,131,3519,0
2002,1. Ceza Dairesi,1,6802,0
2002,1. Hukuk Dairesi,2,2560,0
2002,10. Hukuk Dairesi,5,4347,0
2002,11. Ceza Dairesi,6,1914,0
2002,11. Hukuk Dairesi,11,3625,0
2002,13. Hukuk Dairesi,8,3487,0
2002,14. Hukuk Dairesi,1,3170,0
2002,15. Hukuk Dairesi,5,1912,0
2002,18. Hukuk Dairesi,2,2474,0
2002,19. Hukuk Dairesi,8,2372,0
2002,2. Ceza Dairesi,1,1184,0
2002,2. Hukuk Dairesi,1,1783,0
2002,20. Hukuk Dairesi,5,5615,0
2002,4. Ceza Dairesi,31,1454,0
2002,4. Hukuk Dairesi,3,2664,0
2002,5. Ceza Dairesi,4,1516,0
2002,6. Ceza Dairesi,7,1220,0
2002,8. Ceza Dairesi,6,1266,0
2002,9. Ceza Dairesi,2,1539,0
2002,9. Hukuk Dairesi,9,2171,0
2002,Ceza Genel Kurulu,1,4289,0
2002,Hukuk Genel Kurulu,2,7816,0
2003,1. Ceza Dairesi,9,3774,0
2003,1. Hukuk Dairesi,18,2815,0
2003,10. Ceza Dairesi,5,1542,0
2003,10. Hukuk Dairesi,19,3448,0
2003,11. Ceza Dairesi,2,2296,0
2003,11. Hukuk Dairesi,10,3716,0
2003,12. Hukuk Dairesi,12,1404,0
2003,13. Hukuk Dairesi,6,2922,0
2003,14. Hukuk Dairesi,15,4165,0
2003,15. Hukuk Dairesi,8,2689,0
2003,16. Hukuk Dairesi,27,2730,0
2003,17. Hukuk Dairesi,6,3304,0
2003,18. Hukuk Dairesi,8,3360,0
2003,19. Hukuk Dairesi,6,2258,0
2003,2. Ceza Dairesi,13,1219,0
2003,2. Hukuk Dairesi,10,1680,0
2003,20. Hukuk Dairesi,1,6765,0
2003,21. Hukuk Dairesi,18,2266,0
2003,3. Ceza Dairesi,7,1615,0
2003,3. Hukuk Dairesi,3,4769,0
2003,4. Ceza Dairesi,15,1488,0
2003,4. Hukuk Dairesi,10,3384,0
2003,5. Ceza Dairesi,4,1849,0
2003,5. Hukuk Dairesi,8,1998,0
2003,6. Ceza Dairesi,17,1508,0
2003,6. Hukuk Dairesi,13,2489,0
2003,7. Ceza Dairesi,7,1514,0
2003,7. Hukuk Dairesi,7,3038,0
2003,8. Ceza Dairesi,16,1435,0
2003,8. Hukuk Dairesi,7,3357,0
2003,9. Ceza Dairesi,2,2673,0
2003,9. Hukuk Dairesi,20,1946,0
2003,Ceza Genel Kurulu,7,11015,0
2003,Hukuk Genel Kurulu,13,12752,0
2004,1. Ceza Dairesi,15,3090,0
2004,1. Hukuk Dairesi,15,4593,0
2004,10. Ceza Dairesi,16,2282,0
2004,10. Hukuk Dairesi,16,4048,0
2004,11. Ceza Dairesi,17,2505,0
2004,11. Hukuk Dairesi,15,3812,0
2004,12. Hukuk Dairesi,22,1706,0
2004,13. Hukuk Dairesi,24,3498,0
2004,14. Hukuk Dairesi,22,3370,0
2004,15. Hukuk Dairesi,13,2233,0
2004,16. Hukuk Dairesi,10,4113,0
2004,17. Hukuk Dairesi,11,3433,0
2004,18. Hukuk Dairesi,15,2975,0
2004,19. Hukuk Dairesi,16,2837,0
2004,2. Ceza Dairesi,11,2108,0
2004,2. Hukuk Dairesi,26,1840,0
2004,20. Hukuk Dairesi,11,5402,0
2004,21. Hukuk Dairesi,12,2787,0
2004,3. Ceza Dairesi,9,1710,0
2004,3. Hukuk Dairesi,6,3454,0
2004,4. Ceza Dairesi,18,1442,0
2004,4. Hukuk Dairesi,9,3355,0
2004,5. Ceza Dairesi,20,1696,0
2004,5. Hukuk Dairesi,31,1857,0
2004,6. Ceza Dairesi,35,1394,0
2004,6. Hukuk Dairesi,10,2450,0
2004,7. Ceza Dairesi,15,2413,0
2004,7. Hukuk Dairesi,5,2912,0
2004,8. Ceza Dairesi,8,1706,0
2004,8. Hukuk Dairesi,9,3471,0
2004,9. Ceza Dairesi,17,1247,0
2004,9. Hukuk Dairesi,19,2013,0
2004,Ceza Genel Kurulu,140,11713,0
2004,Hukuk Genel Kurulu,12,11440,0
2004,İçtihatları Birleştirme BGK,1,54455,0
2005,1. Ceza Dairesi,9,2435,0
2005,1. Hukuk Dairesi,72,2840,0
2005,10. Ceza Dairesi,16,2396,0
2005,10. Hukuk Dairesi,33,3580,0
2005,11. Ceza Dairesi,9,2659,0
2005,11. Hukuk Dairesi,55,4476,0
2005,12. Hukuk Dairesi,178,765,0
2005,13. Hukuk Dairesi,11,4156,0
2005,14. Hukuk Dairesi,10,2856,0
2005,15. Hukuk Dairesi,31,2794,0
2005,16. Hukuk Dairesi,35,4861,0
2005,17. Hukuk Dairesi,18,3373,0
2005,18. Hukuk Dairesi,28,2905,0
2005,19. Hukuk Dairesi,18,2508,0
2005,2. Ceza Dairesi,20,2402,0
2005,2. Hukuk Dairesi,49,2012,0
2005,20. Hukuk Dairesi,69,3700,0
2005,21. Hukuk Dairesi,21,2926,0
2005,3. Ceza Dairesi,15,1590,0
2005,3. Hukuk Dairesi,12,3724,0
2005,4. Ceza Dairesi,5,1557,0
2005,4. Hukuk Dairesi,21,2697,0
2005,5. Ceza Dairesi,10,1884,0
2005,5. Hukuk Dairesi,27,1908,0
2005,6. Ceza Dairesi,14,2626,0
2005,6. Hukuk Dairesi,19,2528,0
2005,7. Ceza Dairesi,11,2526,0
2005,7. Hukuk Dairesi,28,4792,0
2005,8. Ceza Dairesi,19,1412,0
2005,8. Hukuk Dairesi,24,4194,0
2005,9. Ceza Dairesi,12,1456,0
2005,9. Hukuk Dairesi,18,3110,0
2005,Ceza Genel Kurulu,186,7688,0
2005,Hukuk Genel Kurulu,783,4179,0
2005,İçtihatları Birleştirme BGK,1,1651,0
2006,-,2,1454,0
2006,1. Ceza Dairesi,36,2686,0
2006,1. Hukuk Dairesi,543,2392,1
2006,10. Ceza Dairesi,61,1761,0
2006,10. Hukuk Dairesi,36,3869,0
2006,11. Ceza Dairesi,53,2779,0
2006,11. Hukuk Dairesi,62,4142,0
2006,12. Ceza Dairesi,6,1267,0
2006,12. Hukuk Dairesi,21359,775,21
2006,13. Ceza Dairesi,4,574,0
2006,13. Hukuk Dairesi,8206,868,11
2006,14. Hukuk Dairesi,15535,916,7
2006,15. Hukuk Dairesi,3305,953,0
2006,16. Hukuk Dairesi,7145,1291,3
2006,17. Hukuk Dairesi,5961,1486,19
2006,18. Hukuk Dairesi,9837,1017,0
2006,19. Hukuk Dairesi,6556,1440,5
2006,2. Ceza Dairesi,31,2258,0
2006,2. Hukuk Dairesi,12463,811,1
2006,20. Hukuk Dairesi,16610,1695,2
2006,21. Hukuk Dairesi,13149,961,1
2006,23. Hukuk Dairesi,1,1447,0
2006,3. Ceza Dairesi,17,1647,0
2006,3. Hukuk Dairesi,22,2724,0
2006,4. Ceza Dairesi,40,1512,0
2006,4. Hukuk Dairesi,33,2682,0
2006,5. Ceza Dairesi,46,1870,0
2006,5. Hukuk Dairesi,210,1079,0
2006,6. Ceza Dairesi,26,2172,0
2006,6. Hukuk Dairesi,97,432,0
2006,7. Ceza Dairesi,35,1907,0
2006,7. Hukuk Dairesi,35,4813,0
2006,8. Ceza Dairesi,25,1906,0
2006,8. Hukuk Dairesi,20,4404,0
2006,9. Ceza Dairesi,30,1244,0
2006,9. Hukuk Dairesi,15,2361,0
2006,Ceza Genel Kurulu,328,8056,0
2006,Hukuk Daireleri Başkanlar Kurulu,278,933,0
2006,Hukuk Genel Kurulu,829,4337,0
2007,1. Ceza Dairesi,15,3129,0
2007,1. Hukuk Dairesi,1551,2978,0
2007,10. Ceza Dairesi,49,3287,0
2007,10. Hukuk Dairesi,78,3905,0
2007,11. Ceza Dairesi,93,2816,0
2007,11. Hukuk Dairesi,44,4762,0
2007,12. Ceza Dairesi,13,777,0
2007,12. Hukuk Dairesi,24428,778,49
2007,13. Ceza Dairesi,3,788,0
2007,13. Hukuk Dairesi,10750,828,0
2007,14. Hukuk Dairesi,16593,879,2
2007,15. Hukuk Dairesi,8172,929,0
2007,16. Hukuk Dairesi,5489,1198,1
2007,17. Hukuk Dairesi,4334,1601,1
2007,18. Hukuk Dairesi,11146,929,0
2007,19. Hukuk Dairesi,10920,1164,0
2007,2. Ceza Dairesi,33,1546,0
2007,2. Hukuk Dairesi,17770,803,1
2007,20. Hukuk Dairesi,17037,1740,2
2007,21. Hukuk Dairesi,23748,950,0
2007,22. Hukuk Dairesi,2,4102,0
2007,3. Ceza Dairesi,38,1965,0
2007,3. Hukuk Dairesi,21,3086,0
2007,4. Ceza Dairesi,51,1613,0
2007,4. Hukuk Dairesi,701,806,1
2007,5. Ceza Dairesi,64,2172,0
2007,5. Hukuk Dairesi,78,1256,0
2007,6. Ceza Dairesi,36,2554,0
2007,6. Hukuk Dairesi,297,418,0
2007,7. Ceza Dairesi,67,1199,0
2007,7. Hukuk Dairesi,113,1382,0
2007,8. Ceza Dairesi,265,1301,0
2007,8. Hukuk Dairesi,336,582,0
2007,9. Ceza Dairesi,43,952,0
2007,9. Hukuk Dairesi,297,1803,1
2007,Ceza Daireleri Başkanlar Kurulu,31,4588,0
2007,Ceza Genel Kurulu,298,9235,0
2007,Hukuk Daireleri Başkanlar Kurulu,840,934,0
2007,Hukuk Genel Kurulu,985,5583,0
2007,İçtihatları Birleştirme BGK,1,29428,0
2008,1. Ceza Dairesi,23,2621,0
2008,1. Hukuk Dairesi,2238,2600,0
2008,10. Ceza Dairesi,40,3058,0
2008,10. Hukuk Dairesi,414,975,23
2008,11. Ceza Dairesi,73,2932,0
2008,11. Hukuk Dairesi,38,4588,0
2008,12. Ceza Dairesi,1,982,0
2008,12. Hukuk Dairesi,23364,782,61
2008,13. Ceza Dairesi,1,802,0
2008,13. Hukuk Dairesi,12095,813,42
2008,14. Ceza Dairesi,1,3458,0
2008,14. Hukuk Dairesi,15949,873,5
2008,15. Hukuk Dairesi,7766,941,0
2008,16. Hukuk Dairesi,8762,1289,0
2008,17. Hukuk Dairesi,5876,1623,0
2008,18. Hukuk Dairesi,13223,929,5
2008,19. Hukuk Dairesi,12670,1128,3
2008,2. Ceza Dairesi,45,1612,0
2008,2. Hukuk Dairesi,17492,787,16
2008,20. Hukuk Dairesi,19188,1803,0
2008,21. Hukuk Dairesi,21702,953,1
2008,22. Hukuk Dairesi,1,2529,0
2008,3. Ceza Dairesi,23,1884,0
2008,3. Hukuk Dairesi,327,745,0
2008,4. Ceza Dairesi,56,1675,0
2008,4. Hukuk Dairesi,56,3008,0
2008,5. Ceza Dairesi,52,1910,0
2008,5. Hukuk Dairesi,36,1710,0
2008,6. Ceza Dairesi,6,2453,0
2008,6. Hukuk Dairesi,49,3354,0
2008,7. Ceza Dairesi,22,2086,0
2008,7. Hukuk Dairesi,171,922,0
2008,8. Ceza Dairesi,1110,972,0
2008,8. Hukuk Dairesi,42,3880,0
2008,9. Ceza Dairesi,1070,771,1
2008,9. Hukuk Dairesi,42,6384,0
2008,Ceza Daireleri Başkanlar Kurulu,15,5858,0
2008,Ceza Genel Kurulu,247,7724,0
2008,Hukuk Daireleri Başkanlar Kurulu,920,908,0
2008,Hukuk Genel Kurulu,800,4702,0
2008,İçtihatları Birleştirme BGK,3,1650,0
2009,1. Ceza Dairesi,67,1923,0
2009,1. Hukuk Dairesi,2193,2914,0
2009,10. Ceza Dairesi,16,2036,0
2009,10. Hukuk Dairesi,194,1105,32
2009,11. Ceza Dairesi,832,1198,1
2009,11. Hukuk Dairesi,20,3186,0
2009,12. Ceza Dairesi,1,771,0
2009,12. Hukuk Dairesi,27181,782,47
2009,13. Ceza Dairesi,2,1370,0
2009,13. Hukuk Dairesi,12272,800,37
2009,14. Hukuk Dairesi,14929,874,2
2009,15. Hukuk Dairesi,7436,928,0
2009,16. Hukuk Dairesi,9245,1145,1
2009,17. Hukuk Dairesi,9344,1780,2
2009,18. Hukuk Dairesi,12977,884,0
2009,19. Hukuk Dairesi,12283,1130,1
2009,2. Ceza Dairesi,37,1616,0
2009,2. Hukuk Dairesi,22629,847,21
2009,20. Hukuk Dairesi,20052,1921,5
2009,21. Hukuk Dairesi,17066,982,0
2009,3. Ceza Dairesi,3,2994,0
2009,3. Hukuk Dairesi,50,2721,0
2009,4. Ceza Dairesi,70,2118,0
2009,4. Hukuk Dairesi,32,3332,0
2009,5. Ceza Dairesi,46,2548,0
2009,5. Hukuk Dairesi,27,1734,0
2009,6. Ceza Dairesi,12,1744,0
2009,6. Hukuk Dairesi,415,760,0
2009,7. Ceza Dairesi,81,890,0
2009,7. Hukuk Dairesi,841,627,0
2009,8. Ceza Dairesi,213,669,0
2009,8. Hukuk Dairesi,14,3154,0
2009,9. Ceza Dairesi,37,1759,0
2009,9. Hukuk Dairesi,283,679,0
2009,Ceza Daireleri Başkanlar Kurulu,31,5040,0
2009,Ceza Genel Kurulu,219,9600,0
2009,Hukuk Daireleri Başkanlar Kurulu,955,922,0
2009,Hukuk Genel Kurulu,617,6147,0
2010,1. Ceza Dairesi,8570,1623,0
2010,1. Hukuk Dairesi,14143,825,3
2010,10. Ceza Dairesi,24,2224,0
2010,10. Hukuk Dairesi,6908,943,828
2010,11. Ceza Dairesi,14995,1131,0
2010,11. Hukuk Dairesi,13226,2362,7
2010,12. Hukuk Dairesi,30335,783,6
2010,13. Ceza Dairesi,15,873,0
2010,13. Hukuk Dairesi,14775,791,219
2010,14. Hukuk Dairesi,14847,863,5
2010,15. Hukuk Dairesi,7352,909,0
2010,16. Hukuk Dairesi,7908,1099,2
2010,17. Hukuk Dairesi,11572,1641,5
2010,18. Hukuk Dairesi,15929,961,3
2010,19. Hukuk Dairesi,14182,1355,0
2010,2. Ceza Dairesi,34699,769,8
2010,2. Hukuk Dairesi,21918,886,2
2010,20. Hukuk Dairesi,17059,2007,0
2010,21. Hukuk Dairesi,13692,978,8
2010,22. Hukuk Dairesi,1,3546,0
2010,3. Ceza Dairesi,21873,976,0
2010,3. Hukuk Dairesi,22245,769,1
2010,4. Ceza Dairesi,22117,1356,1
2010,4. Hukuk Dairesi,13545,941,0
2010,5. Ceza Dairesi,10033,973,0
2010,5. Hukuk Dairesi,22473,1306,5
2010,6. Ceza Dairesi,21691,916,0
2010,6. Hukuk Dairesi,14520,719,0
2010,7. Ceza Dairesi,17182,887,0
2010,7. Hukuk Dairesi,7600,1229,0
2010,8. Ceza Dairesi,14489,723,0
2010,8. Hukuk Dairesi,6401,875,1
2010,9. Ceza Dairesi,12802,725,2
2010,9. Hukuk Dairesi,9978,879,23
2010,Ceza Daireleri Başkanlar Kurulu,39,4194,0
2010,Ceza Genel Kurulu,270,11327,0
2010,Hukuk Daireleri Başkanlar Kurulu,1556,906,0
2010,Hukuk Genel Kurulu,700,6703,0
2011,1. Ceza Dairesi,8699,1672,0
2011,1. Hukuk Dairesi,14119,1090,1
2011,10. Ceza Dairesi,24,2166,0
2011,10. Hukuk Dairesi,2337,909,322
2011,11. Ceza Dairesi,24287,557,1
2011,11. Hukuk Dairesi,17847,1935,1
2011,12. Ceza Dairesi,10354,999,0
2011,12. Hukuk Dairesi,31387,780,1
2011,13. Ceza Dairesi,10161,763,6
2011,13. Hukuk Dairesi,21464,754,696
2011,14. Ceza Dairesi,6309,1203,0
2011,14. Hukuk Dairesi,16380,872,7
2011,15. Ceza Dairesi,23982,960,13
2011,15. Hukuk Dairesi,8027,867,0
2011,16. Hukuk Dairesi,10257,1233,0
2011,17. Hukuk Dairesi,12413,1680,1
2011,18. Hukuk Dairesi,13139,1002,0
2011,19. Hukuk Dairesi,17070,925,1
2011,2. Ceza Dairesi,43151,606,2
2011,2. Hukuk Dairesi,24239,889,2
2011,20. Hukuk Dairesi,16485,2307,0
2011,21. Hukuk Dairesi,14688,966,7
2011,22. Hukuk Dairesi,8807,820,24
2011,23. Hukuk Dairesi,2978,1989,2
2011,3. Ceza Dairesi,25703,728,5
2011,3. Hukuk Dairesi,22163,762,4
2011,4. Ceza Dairesi,25709,742,4
2011,4. Hukuk Dairesi,14369,929,0
2011,5. Ceza Dairesi,25859,575,0
2011,5. Hukuk Dairesi,22611,1227,7
2011,6. Ceza Dairesi,49796,1021,0
2011,6. Hukuk Dairesi,16036,760,0
2011,7. Ceza Dairesi,27362,882,3
2011,7. Hukuk Dairesi,8487,1404,0
2011,8. Ceza Dairesi,18445,842,0
2011,8. Hukuk Dairesi,7995,869,1
2011,9. Ceza Dairesi,30912,714,1
2011,9. Hukuk Dairesi,669,876,0
2011,Ceza Daireleri Başkanlar Kurulu,43,4800,0
2011,Ceza Genel Kurulu,325,12718,0
2011,Hukuk Daireleri Başkanlar Kurulu,1072,914,0
2011,Hukuk Genel Kurulu,851,7774,0
2012,1. Ceza Dairesi,10206,1493,0
2012,1. Hukuk Dairesi,16214,1064,2
2012,10. Ceza Dairesi,75,1122,0
2012,10. Hukuk Dairesi,27508,1002,865
2012,11. Ceza Dairesi,22695,1280,0
2012,11. Hukuk Dairesi,21754,2403,1
2012,12. Ceza Dairesi,29214,1045,0
2012,12. Hukuk Dairesi,40841,955,1
2012,13. Ceza Dairesi,28696,1040,2
2012,13. Hukuk Dairesi,30846,761,9
2012,14. Ceza Dairesi,13940,1232,0
2012,14. Hukuk Dairesi,14664,881,4
2012,15. Ceza Dairesi,46633,608,10
2012,15. Hukuk Dairesi,8320,890,2
2012,16. Hukuk Dairesi,11859,1282,1
2012,17. Hukuk Dairesi,13856,1791,0
2012,18. Hukuk Dairesi,14884,1042,0
2012,19. Hukuk Dairesi,19156,1126,0
2012,2. Ceza Dairesi,48767,617,2
2012,2. Hukuk Dairesi,31997,948,2
2012,20. Hukuk Dairesi,15225,2141,0
2012,21. Hukuk Dairesi,25049,1004,5
2012,22. Hukuk Dairesi,30446,852,19
2012,23. Hukuk Dairesi,7829,2411,0
2012,3. Ceza Dairesi,46503,744,2
2012,3. Hukuk Dairesi,26437,786,5
2012,4. Ceza Dairesi,32666,1227,0
2012,4. Hukuk Dairesi,20373,933,0
2012,5. Ceza Dairesi,13692,891,1
2012,5. Hukuk Dairesi,29047,1300,4
2012,6. Ceza Dairesi,24687,1112,4
2012,6. Hukuk Dairesi,17698,845,0
2012,7. Ceza Dairesi,33821,1002,2
2012,7. Hukuk Dairesi,10177,1162,1
2012,8. Ceza Dairesi,39136,886,1
2012,8. Hukuk Dairesi,13387,1070,22
2012,9. Ceza Dairesi,16020,829,0
2012,9. Hukuk Dairesi,22298,902,34
2012,Ceza Daireleri Başkanlar Kurulu,125,4789,0
2012,Ceza Genel Kurulu,1911,1517,0
2012,Hukuk Daireleri Başkanlar Kurulu,5268,726,0
2012,Hukuk Genel Kurulu,1374,7382,0
2012,İçtihatları Birleştirme BGK,1,41558,0
2013,-,2,10824,0
2013,1. Ceza Dairesi,8226,1785,0
2013,1. Hukuk Dairesi,18533,1090,1
2013,10. Ceza Dairesi,330,895,0
2013,10. Hukuk Dairesi,26077,990,938
2013,11. Ceza Dairesi,20252,1230,0
2013,11. Hukuk Dairesi,23642,2522,2
2013,12. Ceza Dairesi,31316,1247,0
2013,12. Hukuk Dairesi,40398,1075,0
2013,13. Ceza Dairesi,41804,973,2
2013,13. Hukuk Dairesi,33336,798,2
2013,14. Ceza Dairesi,14144,1240,0
2013,14. Hukuk Dairesi,16034,887,5
2013,15. Ceza Dairesi,21108,2148,0
2013,15. Hukuk Dairesi,7192,889,0
2013,16. Hukuk Dairesi,13825,1310,0
2013,17. Hukuk Dairesi,18685,1809,1
2013,18. Hukuk Dairesi,18454,1105,0
2013,19. Hukuk Dairesi,20127,906,0
2013,2. Ceza Dairesi,31392,905,0
2013,2. Hukuk Dairesi,30790,1041,2
2013,20. Hukuk Dairesi,12381,2466,0
2013,21. Hukuk Dairesi,25124,987,11
2013,22. Hukuk Dairesi,30971,892,25
2013,23. Hukuk Dairesi,8360,2360,0
2013,3. Ceza Dairesi,49006,689,0
2013,3. Hukuk Dairesi,18435,749,0
2013,4. Ceza Dairesi,34107,1225,0
2013,4. Hukuk Dairesi,20836,915,1
2013,5. Ceza Dairesi,12652,914,0
2013,5. Hukuk Dairesi,24364,1685,3
2013,6. Ceza Dairesi,25802,1368,0
2013,6. Hukuk Dairesi,17468,733,0
2013,7. Ceza Dairesi,25361,1042,0
2013,7. Hukuk Dairesi,24191,809,88
2013,8. Ceza Dairesi,30209,929,0
2013,8. Hukuk Dairesi,20472,1074,47
2013,9. Ceza Dairesi,15705,832,0
2013,9. Hukuk Dairesi,35268,920,59
2013,Büyük Genel Kurulu,6,24679,0
2013,Ceza Daireleri Başkanlar Kurulu,323,4911,0
2013,Ceza Genel Kurulu,687,10012,0
2013,Hukuk Daireleri Başkanlar Kurulu,3449,711,0
2013,Hukuk Genel Kurulu,1763,8423,0
2013,İçtihatları Birleştirme BGK,1,8390,0
2014,-,1,21149,0
2014,1. Ceza Dairesi,6759,1777,0
2014,1. Hukuk Dairesi,20295,925,2
2014,10. Ceza Dairesi,13964,1138,0
2014,10. Hukuk Dairesi,28384,1078,530
2014,11. Ceza Dairesi,22441,1119,0
2014,11. Hukuk Dairesi,20653,2656,3
2014,12. Ceza Dairesi,26694,1497,1
2014,12. Hukuk Dairesi,31708,1128,0
2014,13. Ceza Dairesi,37057,940,0
2014,13. Hukuk Dairesi,42149,760,0
2014,14. Ceza Dairesi,14920,973,0
2014,14. Hukuk Dairesi,14881,938,1
2014,15. Ceza Dairesi,22175,2524,0
2014,15. Hukuk Dairesi,7642,933,0
2014,16. Hukuk Dairesi,16519,1300,0
2014,17. Hukuk Dairesi,19868,1860,1
2014,18. Hukuk Dairesi,19087,1339,2
2014,19. Hukuk Dairesi,18810,893,0
2014,2. Ceza Dairesi,31280,917,0
2014,2. Hukuk Dairesi,26589,1186,0
2014,20. Hukuk Dairesi,10796,2444,1
2014,21. Hukuk Dairesi,28535,1005,138
2014,22. Hukuk Dairesi,37183,966,15
2014,23. Hukuk Dairesi,8603,2250,0
2014,3. Ceza Dairesi,43221,741,1
2014,3. Hukuk Dairesi,17374,783,0
2014,4. Ceza Dairesi,36930,1186,0
2014,4. Hukuk Dairesi,17800,924,0
2014,5. Ceza Dairesi,13336,937,0
2014,5. Hukuk Dairesi,30001,1591,4
2014,6. Ceza Dairesi,22803,1229,0
2014,6. Hukuk Dairesi,14627,775,0
2014,7. Ceza Dairesi,22379,1270,0
2014,7. Hukuk Dairesi,23306,799,27
2014,8. Ceza Dairesi,33491,816,0
2014,8. Hukuk Dairesi,22830,1075,33
2014,9. Ceza Dairesi,12640,863,0
2014,9. Hukuk Dairesi,40639,900,34
2014,Büyük Genel Kurulu,11,9271,0
2014,Ceza Daireleri Başkanlar Kurulu,416,5225,0
2014,Ceza Genel Kurulu,556,13036,0
2014,Hukuk Daireleri Başkanlar Kurulu,2915,719,0
2014,Hukuk Genel Kurulu,1160,5538,0
2014,Yargıtay İçtihatları Birleştirme Hukuk Genel Kurulu ,1,78785,0
2015,1. Ceza Dairesi,6560,1522,0
2015,1. Hukuk Dairesi,15288,940,3
2015,10. Ceza Dairesi,13388,572,0
2015,10. Hukuk Dairesi,23217,1012,349
2015,11. Ceza Dairesi,32325,503,1
2015,11. Hukuk Dairesi,13929,2652,0
2015,12. Ceza Dairesi,19622,1424,0
2015,12. Hukuk Dairesi,33028,1074,1
2015,13. Ceza Dairesi,20859,1265,0
2015,13. Hukuk Dairesi,37725,785,3
2015,14. Ceza Dairesi,12257,820,2
2015,14. Hukuk Dairesi,12256,999,2
2015,15. Ceza Dairesi,32720,611,0
2015,15. Hukuk Dairesi,6730,1011,0
2015,16. Ceza Dairesi,5353,991,1
2015,16. Hukuk Dairesi,16688,1348,3
2015,17. Ceza Dairesi,11940,1688,0
2015,17. Hukuk Dairesi,15146,1629,0
2015,18. Ceza Dairesi,14397,1201,0
2015,18. Hukuk Dairesi,19198,1234,0
2015,19. Ceza Dairesi,9667,1500,0
2015,19. Hukuk Dairesi,18124,855,0
2015,2. Ceza Dairesi,24045,1075,2
2015,2. Hukuk Dairesi,25104,1151,0
2015,20. Ceza Dairesi,5401,2035,0
2015,20. Hukuk Dairesi,13233,2084,0
2015,21. Ceza Dairesi,6767,1192,0
2015,21. Hukuk Dairesi,23207,994,18
2015,22. Ceza Dairesi,9737,1323,0
2015,22. Hukuk Dairesi,36186,932,32
2015,23. Ceza Dairesi,8350,1816,0
2015,23. Hukuk Dairesi,8371,2205,0
2015,3. Ceza Dairesi,36956,790,0
2015,3. Hukuk Dairesi,21385,861,1
2015,4. Ceza Dairesi,26697,1164,0
2015,4. Hukuk Dairesi,15564,1009,0
2015,5. Ceza Dairesi,17806,885,0
2015,5. Hukuk Dairesi,25681,1506,1
2015,6. Ceza Dairesi,46532,1048,0
2015,6. Hukuk Dairesi,11540,939,0
2015,7. Ceza Dairesi,23909,883,0
2015,7. Hukuk Dairesi,27059,838,3
2015,8. Ceza Dairesi,26178,681,0
2015,8. Hukuk Dairesi,23352,1067,9
2015,9. Ceza Dairesi,8502,675,3
2015,9. Hukuk Dairesi,36634,888,19
2015,Ceza Daireleri Başkanlar Kurulu,670,7114,0
2015,Ceza Genel Kurulu,523,11035,0
2015,Hukuk Daireleri Başkanlar Kurulu,1375,658,0
2015,Hukuk Genel Kurulu,2933,6294,0
2016,1. Ceza Dairesi,4456,1807,1
2016,1. Hukuk Dairesi,11590,858,2
2016,10. Ceza Dairesi,4373,1900,0
2016,10. Hukuk Dairesi,15801,1052,279
2016,11. Ceza Dairesi,9023,1136,0
2016,11. Hukuk Dairesi,9851,2630,2
2016,12. Ceza Dairesi,13794,1480,0
2016,12. Hukuk Dairesi,26387,1088,7
2016,13. Ceza Dairesi,17594,1456,0
2016,13. Hukuk Dairesi,24292,804,3
2016,14. Ceza Dairesi,8832,1172,0
2016,14. Hukuk Dairesi,10717,972,6
2016,15. Ceza Dairesi,9897,1641,0
2016,15. Hukuk Dairesi,5199,1042,0
2016,16. Ceza Dairesi,7747,1145,1
2016,16. Hukuk Dairesi,10724,1286,5
2016,17. Ceza Dairesi,14139,1478,0
2016,17. Hukuk Dairesi,12216,2039,0
2016,18. Ceza Dairesi,20083,1400,0
2016,18. Hukuk Dairesi,13274,1187,1
2016,19. Ceza Dairesi,24179,701,0
2016,19. Hukuk Dairesi,16171,926,1
2016,2. Ceza Dairesi,17132,801,0
2016,2. Hukuk Dairesi,16417,1234,1
2016,20. Ceza Dairesi,6146,1920,2
2016,20. Hukuk Dairesi,12560,2254,2
2016,21. Ceza Dairesi,8222,1232,0
2016,21. Hukuk Dairesi,15774,980,15
2016,22. Ceza Dairesi,29852,977,0
2016,22. Hukuk Dairesi,29766,908,2
2016,23. Ceza Dairesi,11324,1686,0
2016,23. Hukuk Dairesi,5233,2012,0
2016,3. Ceza Dairesi,21358,880,2
2016,3. Hukuk Dairesi,17125,930,1
2016,4. Ceza Dairesi,15843,1388,0
2016,4. Hukuk Dairesi,12543,978,0
2016,5. Ceza Dairesi,10158,872,0
2016,5. Hukuk Dairesi,17849,1442,2
2016,6. Ceza Dairesi,7422,2190,1
2016,6. Hukuk Dairesi,7911,901,0
2016,7. Ceza Dairesi,11596,1348,4
2016,7. Hukuk Dairesi,21922,890,2
2016,8. Ceza Dairesi,12410,1056,1
2016,8. Hukuk Dairesi,17552,1050,16
2016,9. Ceza Dairesi,8846,2004,0
2016,9. Hukuk Dairesi,22638,931,2
2016,Büyük Genel Kurulu,8,30635,0
2016,Ceza Daireleri Başkanlar Kurulu,394,5795,0
2016,Ceza Genel Kurulu,2156,1779,1
2016,Hukuk Genel Kurulu,3813,1287,0
2017,-,2,2996,0
2017,1. Ceza Dairesi,5357,1835,0
2017,1. Hukuk Dairesi,7516,1453,2
2017,10. Ceza Dairesi,7542,951,0
2017,10. Hukuk Dairesi,9411,1206,35
2017,11. Ceza Dairesi,9511,1268,0
2017,11. Hukuk Dairesi,7607,3157,0
2017,12. Ceza Dairesi,11119,1502,0
2017,12. Hukuk Dairesi,16440,1079,1
2017,13. Ceza Dairesi,15857,1456,0
2017,13. Hukuk Dairesi,13090,862,0
2017,14. Ceza Dairesi,6835,1125,0
2017,14. Hukuk Dairesi,9747,1142,1
2017,15. Ceza Dairesi,29512,1031,0
2017,15. Hukuk Dairesi,4566,1168,0
2017,16. Ceza Dairesi,5927,689,0
2017,16. Hukuk Dairesi,9360,1366,0
2017,17. Ceza Dairesi,16913,1387,0
2017,17. Hukuk Dairesi,12426,2617,0
2017,18. Ceza Dairesi,15804,1412,0
2017,18. Hukuk Dairesi,26029,1962,0
2017,19. Ceza Dairesi,11868,1568,0
2017,19. Hukuk Dairesi,8172,1614,0
2017,2. Ceza Dairesi,14043,1063,0
2017,2. Hukuk Dairesi,15213,1298,0
2017,20. Ceza Dairesi,7352,2010,0
2017,20. Hukuk Dairesi,10972,2459,1
2017,21. Ceza Dairesi,10792,527,0
2017,21. Hukuk Dairesi,10951,1037,2
2017,22. Hukuk Dairesi,31471,841,0
2017,23. Ceza Dairesi,13946,524,0
2017,23. Hukuk Dairesi,3828,2496,0
2017,3. Ceza Dairesi,17660,1077,0
2017,3. Hukuk Dairesi,18456,987,0
2017,4. Ceza Dairesi,28653,1432,0
2017,4. Hukuk Dairesi,8804,1006,0
2017,5. Ceza Dairesi,5719,857,0
2017,5. Hukuk Dairesi,30180,1297,0
2017,6. Ceza Dairesi,6358,1198,0
2017,6. Hukuk Dairesi,11571,579,0
2017,7. Ceza Dairesi,11193,1462,0
2017,7. Hukuk Dairesi,43728,721,1
2017,8. Ceza Dairesi,15654,913,0
2017,8. Hukuk Dairesi,17725,1001,5
2017,9. Ceza Dairesi,8772,699,1
2017,9. Hukuk Dairesi,22125,910,0
2017,Büyük Genel Kurulu,9,3141,0
2017,Ceza Daireleri Başkanlar Kurulu,398,5864,0
2017,Ceza Genel Kurulu,564,17549,0
2017,Hukuk Genel Kurulu,2040,8194,0
2018,1. Ceza Dairesi,5579,1765,0
2018,1. Hukuk Dairesi,15874,917,0
2018,10. Ceza Dairesi,10119,1016,0
2018,10. Hukuk Dairesi,11275,1516,36
2018,11. Ceza Dairesi,11172,1381,0
2018,11. Hukuk Dairesi,8172,3198,0
2018,12. Ceza Dairesi,12520,1404,0
2018,12. Hukuk Dairesi,14455,1095,0
2018,13. Ceza Dairesi,19512,1220,0
2018,13. Hukuk Dairesi,12862,874,0
2018,14. Ceza Dairesi,7839,1119,0
2018,14. Hukuk Dairesi,9456,1199,0
2018,15. Ceza Dairesi,9645,1840,0
2018,15. Hukuk Dairesi,5265,1229,0
2018,16. Ceza Dairesi,5599,1835,0
2018,16. Hukuk Dairesi,8525,1453,1
2018,17. Ceza Dairesi,17158,1415,0
2018,17. Hukuk Dairesi,12936,2472,0
2018,18. Ceza Dairesi,16856,1336,0
2018,19. Ceza Dairesi,13675,1715,0
2018,19. Hukuk Dairesi,6832,1606,0
2018,2. Ceza Dairesi,16256,1050,0
2018,2. Hukuk Dairesi,15469,1361,0
2018,20. Ceza Dairesi,6163,1468,0
2018,20. Hukuk Dairesi,8404,2542,0
2018,21. Hukuk Dairesi,9828,1288,4
2018,22. Hukuk Dairesi,28285,904,0
2018,23. Hukuk Dairesi,6029,1949,0
2018,3. Ceza Dairesi,19581,1028,1
2018,3. Hukuk Dairesi,13408,983,0
2018,4. Ceza Dairesi,22352,1478,1
2018,4. Hukuk Dairesi,8564,1186,0
2018,5. Ceza Dairesi,9759,860,0
2018,5. Hukuk Dairesi,25742,1465,0
2018,6. Ceza Dairesi,8195,1349,0
2018,7. Ceza Dairesi,14857,1378,0
2018,8. Ceza Dairesi,15724,976,0
2018,8. Hukuk Dairesi,20510,937,1
2018,9. Ceza Dairesi,51,2018,0
2018,9. Hukuk Dairesi,23884,1333,0
2018,Büyük Genel Kurulu,1,8784,0
2018,Ceza Daireleri Başkanlar Kurulu,348,5577,0
2018,Ceza Genel Kurulu,698,20139,0
2018,Hukuk Genel Kurulu,2048,15924,0
2019,1. Ceza Dairesi,5649,1800,0
2019,1. Hukuk Dairesi,6801,1706,1
2019,10. Ceza Dairesi,9415,1499,0
2019,10. Hukuk Dairesi,10441,1370,19
2019,11. Ceza Dairesi,10217,1293,1
2019,11. Hukuk Dairesi,8369,3708,0
2019,12. Ceza Dairesi,12370,1480,0
2019,12. Hukuk Dairesi,18496,1043,0
2019,13. Ceza Dairesi,19273,1170,0
2019,13. Hukuk Dairesi,13159,861,0
2019,14. Ceza Dairesi,13680,614,0
2019,14. Hukuk Dairesi,9009,1278,0
2019,15. Ceza Dairesi,15753,1578,0
2019,15. Hukuk Dairesi,5284,1320,0
2019,16. Ceza Dairesi,8471,2087,0
2019,16. Hukuk Dairesi,9205,1642,0
2019,17. Ceza Dairesi,16986,1543,0
2019,17. Hukuk Dairesi,12599,2603,2
2019,18. Ceza Dairesi,17498,1326,0
2019,19. Ceza Dairesi,15953,1562,0
2019,19. Hukuk Dairesi,5653,1256,0
2019,2. Ceza Dairesi,19948,1043,0
2019,2. Hukuk Dairesi,12921,1372,0
2019,20. Ceza Dairesi,7641,1894,0
2019,20. Hukuk Dairesi,7628,2571,0
2019,21. Hukuk Dairesi,8171,1312,2
2019,22. Hukuk Dairesi,24649,927,0
2019,23. Hukuk Dairesi,5538,1872,0
2019,3. Ceza Dairesi,23300,1056,0
2019,3. Hukuk Dairesi,10709,1053,0
2019,4. Ceza Dairesi,20164,1352,0
2019,4. Hukuk Dairesi,6333,1086,0
2019,5. Ceza Dairesi,12002,854,2
2019,5. Hukuk Dairesi,21134,1699,1
2019,6. Ceza Dairesi,6317,1226,0
2019,7. Ceza Dairesi,39878,562,3
2019,8. Ceza Dairesi,15953,1016,1
2019,8. Hukuk Dairesi,11801,1158,0
2019,9. Ceza Dairesi,23,1646,0
2019,9. Hukuk Dairesi,22905,1238,1
2019,Büyük Genel Kurulu,2,4686,0
2019,Ceza Daireleri Başkanlar Kurulu,278,5558,0
2019,Ceza Genel Kurulu,724,27453,0
2019,Hukuk Genel Kurulu,1422,16968,0
2020,1. Ceza Dairesi,3364,1937,0
2020,1. Hukuk Dairesi,6921,1922,1
2020,10. Ceza Dairesi,9940,1774,1
2020,10. Hukuk Dairesi,7998,1293,0
2020,11. Ceza Dairesi,8003,1234,0
2020,11. Hukuk Dairesi,6057,4132,0
2020,12. Ceza Dairesi,7551,2185,0
2020,12. Hukuk Dairesi,11404,1029,0
2020,13. Ceza Dairesi,18427,732,0
2020,13. Hukuk Dairesi,11724,722,1
2020,14. Ceza Dairesi,6312,1301,0
2020,14. Hukuk Dairesi,8878,1163,0
2020,15. Ceza Dairesi,13095,1787,0
2020,15. Hukuk Dairesi,3363,1424,0
2020,16. Ceza Dairesi,6922,2117,0
2020,16. Hukuk Dairesi,6680,1873,0
2020,17. Ceza Dairesi,18410,715,0
2020,17. Hukuk Dairesi,9134,2222,0
2020,18. Ceza Dairesi,23595,665,1
2020,19. Ceza Dairesi,20580,1752,0
2020,19. Hukuk Dairesi,4605,670,0
2020,2. Ceza Dairesi,16281,1133,0
2020,2. Hukuk Dairesi,6932,1084,0
2020,20. Ceza Dairesi,13939,715,0
2020,20. Hukuk Dairesi,9979,735,0
2020,21. Hukuk Dairesi,7709,668,0
2020,22. Hukuk Dairesi,12643,816,0
2020,23. Hukuk Dairesi,4581,2412,0
2020,3. Ceza Dairesi,20300,1445,2
2020,3. Hukuk Dairesi,8410,1112,0
2020,4. Ceza Dairesi,21795,1395,0
2020,4. Hukuk Dairesi,4671,1152,0
2020,5. Ceza Dairesi,14384,574,0
2020,5. Hukuk Dairesi,11802,1853,2
2020,6. Ceza Dairesi,5584,1280,0
2020,7. Ceza Dairesi,20214,1790,0
2020,8. Ceza Dairesi,20427,627,0
2020,8. Hukuk Dairesi,8425,1159,0
2020,9. Ceza Dairesi,2854,1240,0
2020,9. Hukuk Dairesi,20375,869,0
2020,Ceza Daireleri Başkanlar Kurulu,109,5555,0
2020,Ceza Genel Kurulu,533,30224,0
2020,Hukuk Genel Kurulu,1058,14629,0
2021,1. Ceza Dairesi,15300,2188,0
2021,1. Hukuk Dairesi,8294,2161,1
2021,10. Ceza Dairesi,14553,1722,0
2021,10. Hukuk Dairesi,17010,1295,0
2021,11. Ceza Dairesi,14097,1211,0
2021,11. Hukuk Dairesi,7390,3314,0
2021,12. Ceza Dairesi,9204,3087,0
2021,12. Hukuk Dairesi,11952,1042,0
2021,14. Ceza Dairesi,25794,697,0
2021,14. Hukuk Dairesi,7557,926,1
2021,15. Ceza Dairesi,30212,672,1
2021,15. Hukuk Dairesi,7356,499,0
2021,16. Ceza Dairesi,12165,632,0
2021,16. Hukuk Dairesi,19994,683,1
2021,17. Hukuk Dairesi,17584,649,0
2021,19. Ceza Dairesi,22952,542,0
2021,2. Ceza Dairesi,22435,1215,0
2021,2. Hukuk Dairesi,10293,1086,0
2021,23. Hukuk Dairesi,2940,705,0
2021,3. Ceza Dairesi,11626,707,0
2021,3. Hukuk Dairesi,13872,1110,0
2021,4. Ceza Dairesi,30276,1352,0
2021,4. Hukuk Dairesi,11463,2536,0
2021,5. Ceza Dairesi,7748,870,0
2021,5. Hukuk Dairesi,15938,2186,1
2021,6. Ceza Dairesi,20781,1245,1
2021,6. Hukuk Dairesi,2568,1178,0
2021,7. Ceza Dairesi,18938,1983,0
2021,7. Hukuk Dairesi,4311,1314,2
2021,8. Ceza Dairesi,23455,1592,0
2021,8. Hukuk Dairesi,13175,1112,1
2021,9. Ceza Dairesi,10471,1024,0
2021,9. Hukuk Dairesi,16911,1042,0
2021,Ceza Daireleri Başkanlar Kurulu,52,5836,0
2021,Ceza Genel Kurulu,707,35535,0
2021,Hukuk Genel Kurulu,1765,15521,0
2022,1. Ceza Dairesi,10350,2439,1
2022,1. Hukuk Dairesi,8662,4492,3
2022,10. Ceza Dairesi,14266,1950,1
2022,10. Hukuk Dairesi,17130,1336,0
2022,11. Ceza Dairesi,21198,1076,0
2022,11. Hukuk Dairesi,9652,4131,0
2022,12. Ceza Dairesi,11010,3179,0
2022,12. Hukuk Dairesi,14389,1045,0
2022,2. Ceza Dairesi,22000,1202,0
2022,2. Hukuk Dairesi,11090,1106,0
2022,3. Ceza Dairesi,10416,2248,1
2022,3. Hukuk Dairesi,9858,1176,0
2022,4. Ceza Dairesi,26580,1363,0
2022,4. Hukuk Dairesi,18147,2997,0
2022,5. Ceza Dairesi,15218,854,0
2022,5. Hukuk Dairesi,19119,2021,0
2022,6. Ceza Dairesi,18069,1352,0
2022,6. Hukuk Dairesi,6185,1143,0
2022,7. Ceza Dairesi,19488,1853,0
2022,7. Hukuk Dairesi,8251,1315,0
2022,8. Ceza Dairesi,20064,1134,0
2022,8. Hukuk Dairesi,10726,2281,1
2022,9. Ceza Dairesi,12406,1314,0
2022,9. Hukuk Dairesi,18269,6285,9
2022,Büyük Genel Kurulu,2,16140,0
2022,Ceza Daireleri Başkanlar Kurulu,198,6078,0
2022,Ceza Genel Kurulu,862,33244,0
2022,Hukuk Genel Kurulu,1946,16059,0
2023,1. Ceza Dairesi,8647,6167,0
2023,1. Hukuk Dairesi,7784,5235,0
2023,10. Ceza Dairesi,11803,5310,1
2023,10. Hukuk Dairesi,13782,6851,0
2023,11. Ceza Dairesi,10872,4168,0
2023,11. Hukuk Dairesi,7804,7359,0
2023,12. Ceza Dairesi,6108,7135,0
2023,12. Hukuk Dairesi,9559,2542,0
2023,2. Ceza Dairesi,10284,2587,0
2023,2. Hukuk Dairesi,6569,8606,1
2023,3. Ceza Dairesi,11756,5111,0
2023,3. Hukuk Dairesi,3902,7722,0
2023,4. Ceza Dairesi,26729,691,0
2023,4. Hukuk Dairesi,14330,6162,0
2023,5. Ceza Dairesi,13061,1003,0
2023,5. Hukuk Dairesi,13343,6187,0
2023,6. Ceza Dairesi,15782,635,0
2023,6. Hukuk Dairesi,4393,6599,1
2023,7. Ceza Dairesi,11816,4725,0
2023,7. Hukuk Dairesi,6629,5294,0
2023,8. Ceza Dairesi,10755,4342,0
2023,8. Hukuk Dairesi,6903,5737,0
2023,9. Ceza Dairesi,9061,5230,0
2023,9. Hukuk Dairesi,20670,7734,0
2023,Büyük Genel Kurulu,1,13660,0
2023,Ceza Daireleri Başkanlar Kurulu,38,6551,0
2023,Ceza Genel Kurulu,707,28701,0
2023,Hukuk Genel Kurulu,1401,18502,0
2024,1. Ceza Dairesi,8851,5079,0
2024,1. Hukuk Dairesi,7159,5784,0
2024,10. Ceza Dairesi,26539,557,0
2024,10. Hukuk Dairesi,14149,5954,0
2024,11. Ceza Dairesi,16131,2891,0
2024,11. Hukuk Dairesi,9511,7458,0
2024,12. Ceza Dairesi,8185,4153,0
2024,12. Hukuk Dairesi,10855,1058,0
2024,2. Ceza Dairesi,21997,1930,0
2024,2. Hukuk Dairesi,10518,7504,0
2024,3. Ceza Dairesi,20604,4079,0
2024,3. Hukuk Dairesi,4521,7016,0
2024,4. Ceza Dairesi,18075,2820,0
2024,4. Hukuk Dairesi,13935,4193,0
2024,5. Ceza Dairesi,12413,1027,0
2024,5. Hukuk Dairesi,10718,6041,0
2024,6. Ceza Dairesi,13650,2235,0
2024,6. Hukuk Dairesi,5252,3003,0
2024,7. Ceza Dairesi,12247,3139,0
2024,7. Hukuk Dairesi,6068,5155,0
2024,8. Ceza Dairesi,10096,5366,0
2024,8. Hukuk Dairesi,8033,4673,1
2024,9. Ceza Dairesi,11654,3297,0
2024,9. Hukuk Dairesi,16418,7050,0
2024,Ceza Daireleri Başkanlar Kurulu,69,4574,0
2024,Ceza Genel Kurulu,270,26371,0
2024,Hukuk Genel Kurulu,736,9258,0
2025,1. Ceza Dairesi,9712,4389,0
2025,1. Hukuk Dairesi,6273,5189,0
2025,10. Ceza Dairesi,14325,2662,0
2025,10. Hukuk Dairesi,17950,4230,0
2025,11. Ceza Dairesi,15331,1846,0
2025,11. Hukuk Dairesi,7792,5084,0
2025,12. Ceza Dairesi,9279,4307,0
2025,12. Hukuk Dairesi,8566,1048,0
2025,2. Ceza Dairesi,24793,2332,0
2025,2. Hukuk Dairesi,12077,1689,0
2025,3. Ceza Dairesi,28448,2682,0
2025,3. Hukuk Dairesi,6359,5724,0
2025,4. Ceza Dairesi,21249,2300,0
2025,4. Hukuk Dairesi,17185,3793,0
2025,5. Ceza Dairesi,15607,1029,0
2025,5. Hukuk Dairesi,18695,5683,0
2025,6. Ceza Dairesi,11505,2179,1
2025,6. Hukuk Dairesi,4414,5790,0
2025,7. Ceza Dairesi,17246,2090,0
2025,7. Hukuk Dairesi,5629,4276,0
2025,8. Ceza Dairesi,11403,4365,0
2025,8. Hukuk Dairesi,7829,5156,0
2025,9. Ceza Dairesi,9794,2550,0
2025,9. Hukuk Dairesi,10473,4851,0
2025,Ceza Daireleri Başkanlar Kurulu,36,3644,0
2025,Ceza Genel Kurulu,602,17980,0
2025,Hukuk Genel Kurulu,906,11067,0
2026,1. Ceza Dairesi,2443,4411,0
2026,1. Hukuk Dairesi,734,2975,0
2026,10. Ceza Dairesi,2471,2742,0
2026,10. Hukuk Dairesi,1686,3923,0
2026,11. Ceza Dairesi,2498,2045,0
2026,11. Hukuk Dairesi,1226,5204,0
2026,12. Ceza Dairesi,2676,4427,0
2026,12. Hukuk Dairesi,1686,1054,0
2026,2. Ceza Dairesi,1115,2497,0
2026,2. Hukuk Dairesi,1828,1633,0
2026,3. Ceza Dairesi,2678,2609,0
2026,3. Hukuk Dairesi,372,5813,0
2026,4. Ceza Dairesi,4631,2279,0
2026,4. Hukuk Dairesi,1211,2040,0
2026,5. Ceza Dairesi,2253,1017,0
2026,5. Hukuk Dairesi,1384,5436,0
2026,6. Ceza Dairesi,671,2987,0
2026,6. Hukuk Dairesi,321,5972,0
2026,7. Ceza Dairesi,233,2387,0
2026,7. Hukuk Dairesi,314,4316,0
2026,8. Ceza Dairesi,1050,4890,0
2026,8. Hukuk Dairesi,723,3683,0
2026,9. Ceza Dairesi,934,2699,0
2026,9. Hukuk Dairesi,1117,5631,0
2026,Ceza Genel Kurulu,74,10968,0
2026,Hukuk Genel Kurulu,167,5103,0
